# Object Export From Tinkercad Server 2015

mtllib obj.mtl

o obj_0
v 57.7001 		-71.3679 		0
v 57.896 		-70.6681 		0
v 58.2043 		-70.0058 		0
v 58.0508 		-72.4785 		0
v 57.8224 		-71.9359 		0
v 58.2748 		-72.7337 		0
v 58.1399 		-72.5897 		0
v 18.8059 		-73.6591 		0
v 18.5908 		-76.4601 		0
v 18.5032 		-77.3352 		0
v 20.9146 		-71.7451 		0
v 20.1117 		-71.0596 		0
v 19.1165 		-70.0786 		0
v 25.7375 		-74.2807 		0
v 23.2792 		-73.092 		0
v 29.3985 		-75.098 		0
v 27.5474 		-74.764 		0
v 34.4844 		-75.1399 		0
v 31.9374 		-75.1629 		0
v 38.6058 		-74.9303 		0
v 36.5566 		-75.0945 		0
v 42.9245 		-73.2958 		0
v 40.7743 		-74.156 		0
v 43.6041 		-73.1491 		0
v 43.2647 		-73.2233 		0
v 45.9717 		-72.1432 		0
v 44.825 		-72.6961 		0
v 48.427 		-69.1676 		0
v 47.2544 		-70.7091 		0
v 48.9312 		-67.9065 		0
v 48.6815 		-68.539 		0
v 52.3449 		-63.141 		0
v 51.8249 		-63.9706 		0
v 50.3683 		-65.9344 		0
v 53.1413 		-61.6421 		0
v 52.8333 		-62.2942 		0
v 53.8325 		-59.0628 		0
v 53.4033 		-60.974 		0
v 54.2431 		-56.2033 		0
v 54.1925 		-57.1391 		0
v 53.6285 		-53.6212 		0
v 54.1925 		-55.2741 		0
v 52.4377 		-50.9316 		0
v 52.9868 		-51.9841 		0
v 57.5512 		-51.1453 		0
v 55.179 		-49.8466 		0
v 54.2372 		-49.0757 		0
v 60.66 		-52.6278 		0
v 59.958 		-52.3822 		0
v 62.9915 		-52.8649 		0
v 61.383 		-52.8013 		0
v 65.7381 		-52.7759 		0
v 64.6056 		-52.8642 		0
v 68.1892 		-52.3109 		0
v 66.8635 		-52.6337 		0
v 69.5501 		-51.8998 		0
v 69.4942 		-51.9212 		0
v 69.4449 		-51.2249 		0
v 69.6103 		-51.8764 		0
v 71.6366 		-48.003 		0
v 71.6002 		-48.2797 		0
v 70.6337 		-48.9961 		0
v 73.2328 		-46.0143 		0
v 72.4505 		-46.86 		0
v 71.7132 		-47.655 		0
v 82.5201 		-40.0329 		0
v 82.3673 		-40.3005 		0
v 79.9038 		-41.6652 		0
v 83.0787 		-38.9621 		0
v 82.6476 		-39.809 		0
v 83.7345 		-36.2093 		0
v 83.4368 		-38.0906 		0
v 85.5194 		-28.9331 		0
v 85.2391 		-29.8061 		0
v 84.9055 		-30.6724 		0
v 85.629 		-21.452 		0
v 85.627 		-25.1977 		0
v 85.344 		-18.3296 		0
v 85.5563 		-19.8748 		0
v 83.5244 		-15.2073 		0
v 84.514 		-16.7347 		0
v 80.1703 		-11.5191 		0
v 81.9297 		-13.2663 		0
v 75.5228 		-10.0313 		0
v 77.8983 		-10.7043 		0
v 74.339 		-9.5074 		0
v 74.9331 		-9.7586 		0
v 72.1468 		-9.2769 		0
v 73.247 		-9.3816 		0
v 68.5954 		-8.6272 		0
v 70.3717 		-8.9471 		0
v 65.4386 		-8.3758 		0
v 67.0195 		-8.474 		0
v 53.8417 		-8.3758 		0
v 59.6296 		-8.293 		0
v 49.83 		-9.6122 		0
v 51.7293 		-9.0139 		0
v 50.4987 		-5.5728 		0
v 50.2684 		-8.4596 		0
v 49.976 		-9.1282 		0
v 50.6736 		8.0595 		0
v 50.6411 		-2.6759 		0
v 50.6532 		18.9233 		0
v 50.6628 		18.7961 		0
v 52.066 		17.4413 		0
v 51.5833 		18.0492 		0
v 51.1234 		18.6777 		0
v 56.319 		14.2142 		0
v 54.1533 		15.7801 		0
v 61.2953 		11.7205 		0
v 58.7564 		12.8239 		0
v 70.2177 		11.6367 		0
v 65.7324 		11.5015 		0
v 81.5076 		13.5017 		0
v 75.8924 		12.4525 		0
v 82.9764 		14.6124 		0
v 82.3003 		13.9794 		0
v 84.5548 		17.8605 		0
v 83.8318 		16.2003 		0
v 85.5851 		22.303 		0
v 85.1572 		20.0654 		0
v 85.629 		34.2686 		0
v 85.6774 		28.2805 		0
v 85.3878 		37.0557 		0
v 85.5566 		35.6694 		0
v 83.919 		41.0581 		0
v 84.7094 		39.0729 		0
v 80.9157 		46.8209 		0
v 82.4996 		43.9872 		0
v 75.8517 		52.2274 		0
v 78.4872 		49.6205 		0
v 72.6291 		53.6105 		0
v 74.2907 		52.9919 		0
v 68.8365 		54.7421 		0
v 70.7483 		54.2485 		0
v 59.4538 		54.8468 		0
v 64.1508 		54.8963 		0
v 58.0508 		63.7178 		0
v 57.3932 		60.0019 		0
v 55.6819 		56.7441 		0
v 58.5507 		69.6524 		0
v 58.4893 		67.483 		0
v 58.0805 		74.3841 		0
v 58.4893 		71.8208 		0
v 56.6943 		80.2122 		0
v 57.5685 		76.9339 		0
v 55.3798 		84.3826 		0
v 55.749 		83.472 		0
v 53.025 		88.8321 		0
v 54.9598 		85.2742 		0
v 50.6774 		92.787 		0
v 51.0357 		92.3571 		0
v 46.8935 		94.1307 		0
v 50.2465 		93.1325 		0
v 41.3779 		95.4686 		0
v 43.4945 		95.0394 		0
v 36.3225 		96.9537 		0
v 37.8824 		96.4644 		0
v 38.5708 		96.174 		0
v 32.7812 		97.6854 		0
v 34.7475 		97.3864 		0
v 25.7222 		98 		0
v 30.8015 		97.8893 		0
v 12.4416 		96.708 		0
v 20.6515 		97.9103 		0
v 4.1613 		95.3438 		0
v 4.244 		95.3586 		0
v -14.5337 		95.9824 		0
v -8.0839 		95.6965 		0
v -1.6215 		95.3328 		0
v -17.4055 		95.249 		0
v -15.9954 		95.7123 		0
v -23.3683 		91.5608 		0
v -20.4463 		93.4875 		0
v -25.1002 		89.2767 		0
v -24.3091 		90.474 		0
v -25.6482 		87.0554 		0
v -25.441 		88.1851 		0
v -25.6921 		78.9037 		0
v -25.7238 		82.9822 		0
v -25.2536 		74.3773 		0
v -25.4827 		76.6401 		0
v -25.2536 		71.6112 		0
v -25.2552 		72.994 		0
v -38.8571 		68.356 		0
v -36.719 		68.5517 		0
v -30.5768 		68.3944 		0
v -42.7914 		68.1326 		0
v -41.8927 		68.1335 		0
v -40.9938 		68.1326 		0
v -47.0882 		67.6716 		0
v -44.949 		67.9475 		0
v -51.1657 		66.2676 		0
v -49.1397 		67.015 		0
v -57.5451 		63.6691 		0
v -54.3763 		65.0082 		0
v -61.0746 		61.4478 		0
v -59.3203 		62.5783 		0
v -63.9902 		59.939 		0
v -62.5346 		60.6964 		0
v -66.7086 		58.074 		0
v -65.3797 		59.0424 		0
v -69.6023 		54.9097 		0
v -68.2231 		56.5427 		0
v -71.7068 		50.3414 		0
v -70.7996 		52.6742 		0
v -71.8822 		40.7438 		0
v -71.9246 		45.5614 		0
v -71.3999 		37.831 		0
v -71.6918 		39.2809 		0
v -69.975 		33.4723 		0
v -70.7269 		35.64 		0
v -68.287 		29.9518 		0
v -69.1668 		31.6967 		0
v -65.3275 		25.153 		0
v -66.8568 		27.5201 		0
v -68.3784 		21.608 		0
v -67.2566 		21.821 		0
v -64.6139 		22.0092 		0
v -71.9081 		20.739 		0
v -69.4927 		21.36 		0
v -76.7672 		18.9778 		0
v -74.2937 		20.0398 		0
v -80.6674 		16.0624 		0
v -79.1165 		17.7347 		0
v -85.0611 		10.3417 		0
v -82.098 		14.2561 		0
v -93.3408 		0.5277 		0
v -90.5819 		3.7993 		0
v -89.305 		5.1157 		0
v -96.2029 		-4.0397 		0
v -95.9309 		-2.8226 		0
v -96.3539 		-6.4894 		0
v -96.3036 		-5.3163 		0
v -95.6243 		-9.115 		0
v -96.2816 		-7.6423 		0
v -93.3573 		-11.3737 		0
v -94.769 		-10.4713 		0
v -89.2911 		-12.7434 		0
v -91.8095 		-12.1058 		0
v -84.7286 		-13.9709 		0
v -85.739 		-13.6562 		0
v -86.7455 		-13.3213 		0
v -90.3015 		-28.0934 		0
v -88.9596 		-27.8853 		0
v -88.5314 		-27.8888 		0
v -92.9907 		-28.7216 		0
v -91.6341 		-28.3463 		0
v -95.3775 		-30.1218 		0
v -94.2867 		-29.2055 		0
v -96.7102 		-32.6104 		0
v -96.3036 		-31.1753 		0
v -96.9824 		-37.7316 		0
v -96.9393 		-34.1091 		0
v -98.2766 		-48.8617 		0
v -97.742 		-46.277 		0
v -97.2024 		-43.6909 		0
v -98.2327 		-49.8885 		0
v -98.2973 		-49.3832 		0
v -97.312 		-51.0411 		0
v -97.8276 		-50.5132 		0
v -93.6071 		-52.1308 		0
v -95.4984 		-51.6895 		0
v -77.8074 		-52.2138 		0
v -85.7176 		-52.2367 		0
v -75.2419 		-62.2045 		0
v -75.6748 		-60.4291 		0
v -75.771 		-59.5591 		0
v -72.9369 		-67.3943 		0
v -74.7102 		-63.9496 		0
v -78.6562 		-71.1583 		0
v -75.2716 		-71.0357 		0
v -71.8822 		-70.9697 		0
v -85.7809 		-72.4995 		0
v -82.2284 		-71.7721 		0
v -91.7876 		-73.7778 		0
v -89.3766 		-73.3739 		0
v -86.9647 		-72.9815 		0
v -97.1147 		-75.3075 		0
v -94.4716 		-74.492 		0
v -98.4739 		-76.2715 		0
v -97.8461 		-75.7367 		0
v -99 		-78.0946 		0
v -98.8019 		-77.1585 		0
v -98.715 		-79.2262 		0
v -98.9126 		-78.6757 		0
v -97.5531 		-80.1692 		0
v -98.1805 		-79.7585 		0
v -93.4098 		-80.5045 		0
v -95.5001 		-80.3734 		0
v -86.7236 		-81.3427 		0
v -90.0686 		-80.9564 		0
v -70.9176 		-87.9227 		0
v -71.3756 		-86.2079 		0
v -71.8164 		-84.486 		0
v -69.9531 		-89.8296 		0
v -70.4371 		-88.8766 		0
v -95.8651 		-93.2454 		0
v -95.7324 		-93.2425 		0
v -95.599 		-93.2454 		0
v -96.457 		-93.3711 		0
v -96.1679 		-93.2924 		0
v -97.7066 		-94.3351 		0
v -97.1187 		-93.8212 		0
v -98.1012 		-95.7391 		0
v -97.9737 		-95.0216 		0
v -97.4435 		-97.0593 		0
v -97.8348 		-96.4237 		0
v -96.3693 		-97.6041 		0
v -96.9397 		-97.3925 		0
v -68.7414 		-97.4174 		0
v -82.5656 		-97.5505 		0
v -68.4623 		-97.4155 		0
v -68.6003 		-97.4235 		0
v -65.4152 		-96.1791 		0
v -66.9293 		-96.8172 		0
v -64.604 		-95.5714 		0
v -64.98 		-95.9027 		0
v -64.1217 		-94.1884 		0
v -64.2875 		-94.8957 		0
v -65.7659 		-88.6142 		0
v -64.8712 		-91.3958 		0
v -66.7305 		-86.6444 		0
v -66.2477 		-87.6288 		0
v -68.1077 		-81.8547 		0
v -67.5635 		-83.4801 		0
v -67.1538 		-85.0652 		0
v -69.6824 		-79.0441 		0
v -68.7473 		-80.2739 		0
v -71.2181 		-77.5115 		0
v -70.7203 		-77.885 		0
v -79.2145 		-77.1683 		0
v -71.7726 		-77.2564 		0
v -85.2908 		-76.786 		0
v -85.8905 		-77.0468 		0
v -86.2843 		-77.1132 		0
v -71.378 		-75.1399 		0
v -74.8684 		-75.2635 		0
v -78.3712 		-75.3494 		0
v -66.8401 		-73.6939 		0
v -69.0743 		-74.5077 		0
v -66.0728 		-72.7719 		0
v -66.4078 		-73.2751 		0
v -65.9632 		-71.5984 		0
v -65.9497 		-72.1869 		0
v -70.545 		-62.6295 		0
v -68.2426 		-67.1177 		0
v -71.5315 		-58.0402 		0
v -71.4301 		-58.9199 		0
v -71.3342 		-59.8005 		0
v -73.3948 		-51.083 		0
v -72.4216 		-54.5501 		0
v -74.5348 		-48.736 		0
v -73.9124 		-49.8784 		0
v -75.5651 		-48.1073 		0
v -75.0099 		-48.3558 		0
v -92.5369 		-48.0243 		0
v -84.0376 		-48.0223 		0
v -92.7043 		-43.0279 		0
v -92.8618 		-44.3144 		0
v -93.2755 		-46.0928 		0
v -92.6019 		-38.1736 		0
v -92.5987 		-41.7369 		0
v -87.8416 		-32.0764 		0
v -88.3014 		-32.08 		0
v -88.7623 		-32.0764 		0
v -83.7202 		-31.1544 		0
v -85.7664 		-31.6614 		0
v -80.3003 		-29.457 		0
v -81.9812 		-30.3631 		0
v -76.6174 		-26.6908 		0
v -78.4374 		-28.104 		0
v -74.5129 		-24.8887 		0
v -75.5515 		-25.8039 		0
v -72.5399 		-22.7931 		0
v -73.5058 		-23.8576 		0
v -71.6191 		-21.3472 		0
v -72.0176 		-22.0927 		0
v -71.5315 		-16.4855 		0
v -71.511 		-18.9287 		0
v -71.7507 		-15.5425 		0
v -71.5919 		-15.9931 		0
v -75.9159 		-12.0639 		0
v -73.7715 		-13.7431 		0
v -79.5769 		-10.4713 		0
v -77.707 		-11.188 		0
v -83.5229 		-9.9265 		0
v -81.542 		-10.1762 		0
v -87.6514 		-8.8418 		0
v -85.3644 		-9.3397 		0
v -84.4451 		-9.6408 		0
v -84.6629 		3.7574 		0
v -85.9384 		2.4217 		0
v -87.2278 		1.0961 		0
v -78.7877 		11.511 		0
v -81.7161 		7.6265 		0
v -55.9067 		18.3138 		0
v -56.2297 		18.2796 		0
v -58.7626 		18.2953 		0
v -55.0545 		18.6711 		0
v -55.594 		18.3843 		0
v -54.2593 		19.5273 		0
v -54.5637 		19.013 		0
v -54.1458 		20.93 		0
v -54.0594 		20.0817 		0
v -55.4233 		22.7461 		0
v -54.3883 		21.7372 		0
v -57.8022 		24.2883 		0
v -56.5805 		23.6651 		0
v -57.3468 		58.8366 		0
v -59.0139 		57.7596 		0
v -60.3524 		57.0697 		0
v -38.6379 		64.1649 		0
v -40.7746 		63.9415 		0
v -41.6734 		63.9418 		0
v -23.793 		56.4211 		0
v -23.8945 		59.4361 		0
v -23.9482 		62.1575 		0
v -26.1121 		53.4527 		0
v -25.1002 		53.5476 		0
v -24.4221 		53.4817 		0
v -28.2462 		52.9836 		0
v -27.117 		53.3171 		0
v -31.9399 		52.2484 		0
v -30.6594 		52.4521 		0
v -29.375 		52.6465 		0
v -35.7325 		51.3263 		0
v -34.7117 		51.4748 		0
v -33.6718 		51.5778 		0
v -40.1827 		48.8326 		0
v -37.9649 		50.1056 		0
v -41.7611 		48.2668 		0
v -40.9751 		48.5544 		0
v -45.4002 		45.8779 		0
v -43.5996 		47.1007 		0
v -46.014 		45.2283 		0
v -45.7374 		45.5741 		0
v -46.9347 		42.1059 		0
v -46.5511 		43.6859 		0
v -42.693 		34.8748 		0
v -47.0774 		35.1091 		0
v -36.4388 		46.1593 		0
v -38.4289 		44.9978 		0
v -39.1877 		44.7284 		0
v -31.9403 		47.7952 		0
v -32.9045 		47.4496 		0
v -33.6798 		47.384 		0
v -27.4359 		48.8721 		0
v -28.5201 		48.5392 		0
v -29.7491 		48.3438 		0
v -25.1879 		39.256 		0
v -24.8616 		40.7545 		0
v -24.5302 		42.2526 		0
v -25.4509 		36.888 		0
v -25.3438 		38.0743 		0
v -21.109 		33.5142 		0
v -25.4932 		33.6711 		0
v -19.8515 		43.58 		0
v -20.2335 		41.3725 		0
v -20.5537 		39.9896 		0
v -19.626 		47.6996 		0
v -19.5319 		45.7941 		0
v -13.7232 		47.4344 		0
v -14.5556 		47.8896 		0
v -15.4387 		48.6297 		0
v -21.0884 		30.5595 		0
v -25.3847 		29.2824 		0
v -25.4729 		30.4547 		0
v -24.3261 		26.9888 		0
v -25.166 		28.1496 		0
v -22.9843 		25.5581 		0
v -23.3683 		25.8864 		0
v -21.2536 		25.0824 		0
v -22.5572 		25.2996 		0
v -18.1215 		24.8671 		0
v -19.9265 		24.9434 		0
v -13.651 		25.7416 		0
v -16.3313 		24.9224 		0
v -9.8642 		26.8084 		0
v -10.413 		26.7069 		0
v -10.9823 		26.6408 		0
v -6.8609 		29.0507 		0
v -8.3321 		27.8839 		0
v -5.414 		30.769 		0
v -6.0909 		29.8792 		0
v -4.9975 		32.4035 		0
v -5.1523 		31.5696 		0
v -4.9537 		39.0255 		0
v -4.9381 		35.7122 		0
v -5.1729 		41.1629 		0
v -5.0372 		40.0967 		0
v -6.269 		46.1294 		0
v -5.6129 		43.6943 		0
v -10.0615 		50.1528 		0
v -8.0479 		48.2129 		0
v -11.9688 		51.2635 		0
v -11 		50.7242 		0
v -14.0514 		52.877 		0
v -12.9994 		52.0932 		0
v -16.419 		53.5266 		0
v -15.2134 		53.2608 		0
v -19.895 		61.4622 		0
v -19.51 		59.6037 		0
v -19.6424 		56.4294 		0
v -41.4208 		23.3822 		0
v -41.0815 		22.2611 		0
v -40.8759 		21.1704 		0
v -42.616 		28.3801 		0
v -46.5935 		25.8895 		0
v -47.0005 		28.1077 		0
v -45.6966 		22.4809 		0
v -46.0578 		23.6861 		0
v -44.9398 		19.1597 		0
v -45.1414 		20.2166 		0
v -45.3344 		21.2762 		0
v -44.1725 		17.0851 		0
v -44.5944 		18.1071 		0
v -41.8926 		13.837 		0
v -43.0788 		15.4324 		0
v -39.1743 		11.1966 		0
v -40.5689 		12.4852 		0
v -34.7679 		7.8437 		0
v -36.9929 		9.4948 		0
v -32.7291 		6.6074 		0
v -33.7617 		7.2062 		0
v -25.9113 		3.1497 		0
v -29.3447 		4.8141 		0
v -22.4695 		2.6677 		0
v -24.2112 		2.8317 		0
v -17.0328 		2.6468 		0
v -19.7524 		2.6248 		0
v -14.3583 		2.8563 		0
v -15.6892 		2.7134 		0
v -10.6534 		4.0508 		0
v -12.4835 		3.3923 		0
v -5.1071 		7.236 		0
v -7.8526 		5.5935 		0
v -1.9942 		9.4992 		0
v -3.5277 		8.3389 		0
v 0.4611 		11.8253 		0
v -0.721 		10.624 		0
v 3.9687 		17.4204 		0
v 2.3321 		14.5653 		0
v 5.9855 		25.7188 		0
v 5.1508 		21.5281 		0
v 5.8102 		36.4899 		0
v 6.0261 		31.0978 		0
v 4.8894 		42.9651 		0
v 5.4993 		39.7656 		0
v -0.5254 		52.2903 		0
v 2.3333 		47.6889 		0
v -3.8795 		56.2089 		0
v -2.1464 		54.2894 		0
v -8.9435 		61.0916 		0
v -6.3783 		58.6826 		0
v -12.0784 		63.3967 		0
v -10.4763 		62.2885 		0
v -21.0963 		76.8392 		0
v -20.8692 		74.5869 		0
v -20.8724 		73.2244 		0
v 1.2104 		91.0845 		0
v -1.8845 		91.1626 		0
v -8.0493 		91.497 		0
v 12.5165 		92.3646 		0
v 4.2975 		91.1417 		0
v 20.8095 		93.7082 		0
v 20.7267 		93.6934 		0
v 37.7289 		91.959 		0
v 37.0251 		92.2444 		0
v 36.3259 		92.5457 		0
v 42.3107 		90.995 		0
v 40.0176 		91.4732 		0
v 50.7561 		83.9474 		0
v 49.8957 		85.5885 		0
v 48.8885 		87.661 		0
v 51.3348 		65.1373 		0
v 51.7591 		63.2919 		0
v 51.9723 		61.0807 		0
v 49.5981 		70.1359 		0
v 50.8165 		66.9591 		0
v 46.5477 		74.1708 		0
v 48.142 		73.141 		0
v 43.1846 		75.4568 		0
v 44.744 		74.985 		0
v 36.8456 		75.8899 		0
v 41.5872 		75.7813 		0
v 27.1523 		75.4909 		0
v 32.0949 		75.8442 		0
v 20.1849 		74.4618 		0
v 22.2299 		74.985 		0
v 16.1217 		72.9467 		0
v 18.1743 		73.8115 		0
v 12.7591 		71.0357 		0
v 14.1187 		71.9884 		0
v 10.8934 		69.5282 		0
v 11.4442 		70.0186 		0
v 10.0825 		68.6505 		0
v 10.37 		69.0127 		0
v 9.5229 		65.0829 		0
v 9.8658 		68.2583 		0
v 9.245 		59.4576 		0
v 9.2739 		61.8879 		0
v 13.6583 		61.5945 		0
v 13.636 		59.4048 		0
v 27.8625 		71.2493 		0
v 23.5452 		70.7939 		0
v 23.0716 		70.8037 		0
v 40.1853 		49.4216 		0
v 40.513 		49.5661 		0
v 42.6901 		50.3195 		0
v 38.8083 		47.3152 		0
v 39.8992 		49.2308 		0
v 34.6488 		44.882 		0
v 37.0274 		45.4169 		0
v 37.3889 		45.4 		0
v 30.5392 		44.0841 		0
v 31.6565 		44.3482 		0
v 31.9634 		44.3475 		0
v 14.1367 		52.7571 		0
v 14.4475 		51.6616 		0
v 14.9519 		49.8295 		0
v 13.6583 		57.2148 		0
v 9.3527 		55.3151 		0
v 9.2739 		57.0262 		0
v 9.8315 		52.0638 		0
v 9.4931 		53.6105 		0
v 10.9229 		48.1381 		0
v 10.2384 		50.53 		0
v 15.2357 		42.7923 		0
v 11.8388 		45.8779 		0
v 30.0123 		39.6332 		0
v 18.0096 		39.4866 		0
v 18.525 		39.8637 		0
v 44.3305 		40.3524 		0
v 39.9869 		40.6809 		0
v 39.5577 		40.9981 		0
v 44.3784 		42.6775 		0
v 44.3714 		41.8125 		0
v 53.1608 		22.3851 		0
v 54.4994 		21.381 		0
v 54.9579 		20.7714 		0
v 50.3561 		27.1228 		0
v 50.438 		26.073 		0
v 50.5096 		25.0272 		0
v 47.6816 		31.6911 		0
v 49.0826 		29.4312 		0
v 44.3714 		38.8997 		0
v 40.3703 		37.2029 		0
v 39.9869 		38.6064 		0
v 40.0153 		39.6677 		0
v 36.1259 		38.6635 		0
v 37.5535 		38.3339 		0
v 39.1955 		37.116 		0
v 33.0814 		39.4865 		0
v 33.8723 		39.216 		0
v 34.6598 		38.9207 		0
v 31.2199 		39.5589 		0
v 16.2814 		38.1889 		0
v 17.2097 		39.1093 		0
v 14.5525 		35.6963 		0
v 15.434 		37.2023 		0
v 13.7769 		30.4794 		0
v 13.8775 		34.1219 		0
v 13.1322 		23.7909 		0
v 13.4443 		25.3001 		0
v 13.7679 		26.8084 		0
v 18.1524 		26.3265 		0
v 18.1273 		24.7463 		0
v 20.8707 		30.9367 		0
v 20.0434 		29.8548 		0
v 19.2046 		28.7782 		0
v 28.9747 		35.546 		0
v 26.0444 		35.6097 		0
v 25.9109 		35.6797 		0
v 34.5237 		34.7301 		0
v 33.3445 		34.9182 		0
v 32.6237 		35.1979 		0
v 39.6665 		31.991 		0
v 38.3647 		32.4455 		0
v 37.0191 		33.4738 		0
v 45.7862 		24.1459 		0
v 45.2921 		24.7758 		0
v 44.2936 		27.3776 		0
v 46.2791 		-2.2948 		0
v 46.2777 		-2.1652 		0
v 46.2975 		10.6847 		0
v 80.1804 		-31.4325 		0
v 80.6746 		-29.5198 		0
v 80.9846 		-28.7055 		0
v 79.5245 		-34.9436 		0
v 79.7319 		-33.3547 		0
v 79.2496 		-36.6028 		0
v 79.2771 		-36.5983 		0
v 79.3078 		-36.5937 		0
v 78.1316 		-37.0219 		0
v 78.6836 		-36.7891 		0
v 74.4486 		-38.7821 		0
v 75.5898 		-38.2388 		0
v 76.7943 		-37.7763 		0
v 67.4116 		-45.9699 		0
v 70.9046 		-42.3384 		0
v 64.211 		-48.3797 		0
v 64.9333 		-47.8889 		0
v 65.6798 		-47.4158 		0
v 63.9627 		-48.6967 		0
v 64.0993 		-48.5078 		0
v 48.3262 		-37.3056 		0
v 49.0846 		-38.1325 		0
v 50.5041 		-39.9186 		0
v 48.9972 		-32.3749 		0
v 48.4489 		-33.3337 		0
v 47.9485 		-33.9919 		0
v 49.7628 		-29.5309 		0
v 49.4573 		-31.3849 		0
v 49.976 		-25.527 		0
v 49.9615 		-27.6548 		0
v 54.7625 		-17.8267 		0
v 53.6816 		-18.1797 		0
v 52.5922 		-18.5182 		0
v 55.8805 		-16.9885 		0
v 55.3619 		-17.445 		0
v 56.2532 		-15.5845 		0
v 56.1368 		-16.3006 		0
v 55.5517 		-14.2852 		0
v 55.9691 		-14.9048 		0
v 54.0171 		-13.5518 		0
v 54.8172 		-13.8554 		0
v 52.1976 		-13.8032 		0
v 53.0992 		-13.6014 		0
v 20.8269 		1.9343 		0
v 21.0578 		-0.2749 		0
v 21.2653 		-2.4873 		0
v 18.1524 		23.1622 		0
v 11.6558 		12.1144 		0
v 12.4307 		12.1396 		0
v 12.7963 		11.9547 		0
v 10.0857 		11.2026 		0
v 10.918 		11.972 		0
v 9.0837 		9.9841 		0
v 9.3177 		10.3374 		0
v 8.8268 		5.8885 		0
v 8.9231 		9.604 		0
v 9.0381 		0.98 		0
v 8.8354 		2.1648 		0
v 9.515 		-3.116 		0
v 9.3914 		-1.66 		0
v 9.2739 		-0.2031 		0
v 10.2165 		-6.8041 		0
v 9.815 		-4.973 		0
v 6.4895 		-11.0542 		0
v 7.4324 		-10.9533 		0
v 10.0628 		-11.0975 		0
v 3.8591 		-11.1629 		0
v 4.7015 		-11.151 		0
v 5.5471 		-11.1629 		0
v -8.3378 		-13.0859 		0
v -6.1594 		-12.6716 		0
v -4.581 		-12.5786 		0
v -11.4962 		-13.9244 		0
v -10.5 		-13.5727 		0
v -13.6112 		-14.8843 		0
v -12.473 		-14.3271 		0
v -15.8551 		-16.4348 		0
v -14.709 		-15.5006 		0
v -17.9334 		-19.5686 		0
v -16.8793 		-17.4704 		0
v -19.0592 		-22.9505 		0
v -18.8304 		-21.7454 		0
v -19.2361 		-28.5773 		0
v -19.1812 		-24.1762 		0
v -14.8187 		-24.6372 		0
v -14.8399 		-28.7235 		0
v -2.4984 		-16.6322 		0
v -4.0327 		-16.7289 		0
v -5.5675 		-16.8208 		0
v 4.0564 		-15.3539 		0
v 0.7799 		-15.9953 		0
v 6.5881 		-15.2438 		0
v 5.6348 		-15.3539 		0
v 4.8441 		-15.3427 		0
v 22.0984 		-16.2341 		0
v 15.5322 		-16.1314 		0
v 14.9517 		-15.1444 		0
v 16.919 		-18.6148 		0
v 15.9821 		-17.3447 		0
v 24.0714 		-21.7663 		0
v 17.8674 		-19.8803 		0
v 33.9321 		-22.2369 		0
v 30.2754 		-21.5987 		0
v 29.7032 		-21.2617 		0
v 39.5642 		-22.0709 		0
v 37.5974 		-22.6464 		0
v 40.0946 		-23.922 		0
v 40.4692 		-22.5836 		0
v 40.9677 		-21.945 		0
v 39.7457 		-26.449 		0
v 39.8115 		-25.2868 		0
v 44.1521 		-25.8945 		0
v 44.1269 		-26.6385 		0
v 44.1521 		-27.3824 		0
v 40.1536 		-30.2813 		0
v 39.7677 		-27.6129 		0
v 41.6012 		-34.7621 		0
v 40.6884 		-32.9146 		0
v 37.7803 		-36.6275 		0
v 39.8773 		-36.6656 		0
v 41.2437 		-36.7712 		0
v 34.2636 		-36.9825 		0
v 35.6901 		-36.6656 		0
v 29.9967 		-31.1847 		0
v 30.2534 		-32.1183 		0
v 30.1538 		-35.0245 		0
v 28.84 		-28.7591 		0
v 29.6396 		-30.2742 		0
v 26.6668 		-25.5335 		0
v 27.9735 		-27.2776 		0
v 24.6106 		-22.768 		0
v 21.7038 		-26.125 		0
v 19.7812 		-23.0055 		0
v 20.8098 		-41.0344 		0
v 22.7341 		-39.6204 		0
v 24.3947 		-39.0837 		0
v 17.6169 		-43.9096 		0
v 18.9635 		-42.5541 		0
v 15.6368 		-46.2879 		0
v 16.3328 		-45.3202 		0
v 14.644 		-48.2306 		0
v 14.9956 		-47.2901 		0
v 0.2727 		-48.851 		0
v 1.075 		-49.0294 		0
v 2.629 		-49.6391 		0
v -9.7986 		-39.4447 		0
v -7.1897 		-42.3236 		0
v -7.1037 		-42.5557 		0
v -14.8187 		-32.8098 		0
v -19.0825 		-34.1531 		0
v -19.2031 		-32.9775 		0
v -17.389 		-37.2372 		0
v -18.8085 		-35.2826 		0
v -14.6997 		-40.4894 		0
v -15.849 		-39.1384 		0
v -12.2904 		-43.096 		0
v -13.5252 		-41.8207 		0
v -10.8507 		-44.9221 		0
v -10.9622 		-44.651 		0
v -11.07 		-44.3773 		0
v -6.0059 		-49.679 		0
v -8.457 		-47.3242 		0
v -2.6299 		-52.3613 		0
v -4.3539 		-51.0739 		0
v -0.4377 		-52.969 		0
v -1.5521 		-52.6949 		0
v 2.8068 		-54.2054 		0
v 1.181 		-53.6025 		0
v 5.3936 		-54.5616 		0
v 4.092 		-54.4254 		0
v 10.8084 		-54.5826 		0
v 8.1067 		-54.6331 		0
v 18.1524 		-52.005 		0
v 18.0266 		-54.2557 		0
v 13.7679 		-53.6815 		0
v 22.322 		-49.5648 		0
v 20.6296 		-50.6639 		0
v 19.2809 		-51.2797 		0
v 26.1638 		-46.4038 		0
v 23.9618 		-48.4007 		0
v 28.8647 		-43.099 		0
v 28.2585 		-44.3144 		0
v 34.7575 		-41.157 		0
v 33.4979 		-41.4854 		0
v 31.4529 		-41.6735 		0
v 41.1539 		-40.8533 		0
v 39.5704 		-40.8567 		0
v 37.7915 		-40.8192 		0
v 46.7536 		-43.9861 		0
v 42.4641 		-45.7813 		0
v 42.5915 		-43.3268 		0
v 46.8486 		-44.7754 		0
v 42.5956 		-46.368 		0
v 42.5037 		-46.0838 		0
v 43.7093 		-49.1134 		0
v 44.174 		-48.9246 		0
v 44.5304 		-48.8757 		0
v 42.8873 		-49.7924 		0
v 43.2752 		-49.3437 		0
v 42.5012 		-50.7313 		0
v 42.5737 		-50.2867 		0
v 42.4641 		-51.3764 		0
v 42.4723 		-51.3313 		0
v 42.4866 		-51.2787 		0
v 42.8368 		-52.8013 		0
v 42.5696 		-52.1089 		0
v 45.1825 		-54.6454 		0
v 43.9519 		-53.7918 		0
v 46.6951 		-54.6873 		0
v 45.9307 		-54.7394 		0
v 47.7035 		-54.0168 		0
v 47.2342 		-54.3996 		0
v 48.1858 		-52.6337 		0
v 48.002 		-53.3438 		0
v 48.0705 		-52.0947 		0
v 48.1561 		-52.4061 		0
v 45.0948 		-65.8566 		0
v 46.6593 		-63.7082 		0
v 48.2297 		-61.5607 		0
v 44.6563 		-66.9882 		0
v 44.8735 		-66.4216 		0
v 39.8971 		-70.056 		0
v 41.653 		-69.2933 		0
v 42.4876 		-69.0592 		0
v 21.5942 		-65.2279 		0
v 21.4246 		-65.5059 		0
v 21.1406 		-65.851 		0
v 21.6161 		-63.782 		0
v 21.6722 		-64.5023 		0
v 20.6515 		-62.6714 		0
v 21.1877 		-63.1886 		0
v 19.4458 		-62.378 		0
v 20.0635 		-62.4673 		0
v 19.3036 		-62.403 		0
v 19.3811 		-62.3875 		0
v 18.1524 		-56.6362 		0
v 18.1977 		-58.2277 		0
v 13.8733 		-55.0741 		0
v 13.8205 		-58.553 		0
v 13.7679 		-56.7619 		0
v 14.7321 		-62.5612 		0
v 13.9871 		-60.3244 		0
v 15.2586 		-66.0662 		0
v 15.4371 		-65.6848 		0
v 15.7632 		-65.21 		0
v 14.2283 		-76.0829 		0
v 14.6096 		-71.0285 		0
v 14.2064 		-79.2681 		0
v 14.1815 		-77.677 		0
v 14.5352 		-80.3787 		0
v 14.3119 		-79.8521 		0
v 20.0158 		-84.3603 		0
v 17.2137 		-82.4291 		0
v 24.2029 		-86.3091 		0
v 22.0806 		-85.3848 		0
v 28.2366 		-87.6712 		0
v 26.2073 		-87.0249 		0
v 31.0207 		-88.1742 		0
v 29.6213 		-87.9624 		0
v 35.4271 		-88.2161 		0
v 33.2222 		-88.229 		0
v 37.9043 		-87.9856 		0
v 36.6735 		-88.1434 		0
v 43.1875 		-86.1415 		0
v 40.5586 		-87.1066 		0
v 46.6951 		-84.5908 		0
v 44.9533 		-85.3908 		0
v 51.5618 		-81.9504 		0
v 49.131 		-83.2756 		0
v 57.5466 		-78.9747 		0
v 54.5893 		-80.5086 		0
v 62.5668 		-74.5322 		0
v 60.1068 		-76.8161 		0
v 63.4437 		-73.4425 		0
v 63.0323 		-74.0062 		0
v 63.4525 		-73.4264 		0
v 63.448 		-73.4345 		0
v 66.8416 		-73.3796 		0
v 65.4112 		-73.4283 		0
v 69.6038 		-72.4576 		0
v 68.2462 		-73.0003 		0
v 74.3829 		-69.5448 		0
v 72.0023 		-71.0207 		0
v 78.8231 		-67.163 		0
v 77.2985 		-68.036 		0
v 75.8386 		-68.7871 		0
v 82.6957 		-64.6307 		0
v 80.3238 		-66.2547 		0
v 86.9135 		-60.9264 		0
v 84.9932 		-62.9228 		0
v 90.145 		-57.6001 		0
v 89.4707 		-58.2436 		0
v 88.7858 		-58.8784 		0
v 93.4552 		-53.5557 		0
v 91.8272 		-55.5977 		0
v 95.1871 		-50.7477 		0
v 94.3483 		-52.1679 		0
v 95.5165 		-50.0777 		0
v 95.3328 		-50.4634 		0
v 95.5795 		-60.6345 		0
v 95.5511 		-56.1294 		0
v 95.5827 		-78.321 		0
v 95.5817 		-78.2331 		0
v 95.5818 		-69.5302 		0
v 94.924 		-86.3929 		0
v 95.2454 		-82.4005 		0
v 95.5817 		-78.4089 		0
v 93.2091 		-92.0001 		0
v 93.5867 		-90.605 		0
v 94.2261 		-90.1496 		0
v 80.4992 		-92.6377 		0
v 81.5309 		-92.8205 		0
v 82.5599 		-93.0358 		0
v 72.6729 		-92.5958 		0
v 76.5864 		-92.5586 		0
v 65.2194 		-93.4759 		0
v 68.94 		-92.9782 		0
v 44.5029 		-93.5178 		0
v 46.2146 		-93.9154 		0
v 47.9227 		-94.3351 		0
v 39.9869 		-93.0358 		0
v 42.2462 		-93.2697 		0
v 38.4524 		-92.6586 		0
v 39.2198 		-92.8455 		0
v 25.584 		-90.7098 		0
v 29.3994 		-91.4317 		0
v 33.2129 		-92.1766 		0
v 20.1254 		-90.4583 		0
v 22.8595 		-90.5353 		0
v 5.007 		-90.4548 		0
v 13.2406 		-90.4417 		0
v 5.3936 		-89.9763 		0
v 5.2466 		-90.185 		0
v 5.5471 		-88.698 		0
v 5.5226 		-89.348 		0
v 5.1744 		-87.9017 		0
v 5.3999 		-88.2825 		0
v 3.9248 		-87.0845 		0
v 4.577 		-87.4419 		0
v 2.4122 		-87.2521 		0
v 3.1649 		-87.1038 		0
v 1.5134 		-88.0484 		0
v 1.9274 		-87.6101 		0
v 1.2065 		-89.18 		0
v 1.3123 		-88.6023 		0
v 1.5792 		-90.2907 		0
v 1.3415 		-89.754 		0
v 1.7854 		-90.4856 		0
v 1.6634 		-90.3783 		0
v -2.1695 		-90.8984 		0
v -0.2906 		-90.6909 		0
v -14.3584 		-91.4212 		0
v -13.4376 		-91.3175 		0
v -8.8539 		-91.3299 		0
v -25.166 		-90.1021 		0
v -23.7568 		-90.7209 		0
v -22.3599 		-91.3803 		0
v -28.7393 		-89.662 		0
v -26.9473 		-89.8659 		0
v -31.2074 		-88.7864 		0
v -30.0327 		-89.1172 		0
v -29.3889 		-89.4021 		0
v -35.76 		-83.7804 		0
v -35.2063 		-85.911 		0
v -35.2123 		-86.3136 		0
v -38.1711 		-78.0769 		0
v -36.4121 		-81.678 		0
v -45.1552 		-59.8114 		0
v -45.1283 		-59.8849 		0
v -42.5646 		-67.1927 		0
v -50.6834 		-28.2625 		0
v -50.6762 		-29.6541 		0
v -50.6834 		-31.0496 		0
v -51.3411 		-25.6221 		0
v -51.0018 		-26.9411 		0
v -39.2181 		-41.4225 		0
v -39.2804 		-41.3391 		0
v -39.3393 		-41.2532 		0
v -36.3244 		-44.4611 		0
v -37.783 		-42.9524 		0
v -28.6516 		-53.3252 		0
v -29.0939 		-52.3842 		0
v -29.5285 		-51.4392 		0
v -25.8017 		-57.8726 		0
v -27.2762 		-55.6317 		0
v -21.483 		-62.3151 		0
v -23.6576 		-60.1052 		0
v -19.3845 		-65.4774 		0
v -20.4965 		-63.9916 		0
v -20.9768 		-63.1435 		0
v -17.7562 		-68.1407 		0
v -18.0223 		-67.558 		0
v -18.2824 		-66.9672 		0
v -16.8355 		-68.9371 		0
v -17.3256 		-68.5783 		0
v -15.3229 		-69.0837 		0
v -16.0821 		-69.0752 		0
v -14.0733 		-68.2455 		0
v -14.6619 		-68.7199 		0
v -13.7006 		-67.1349 		0
v -13.8269 		-67.709 		0
v -14.2925 		-65.207 		0
v -13.932 		-66.1574 		0
v -16.7917 		-61.7493 		0
v -15.5207 		-63.4696 		0
v -17.7782 		-60.031 		0
v -17.2708 		-60.8795 		0
v -22.2503 		-55.4208 		0
v -20.0074 		-57.7218 		0
v -26.2336 		-48.4877 		0
v -25.5386 		-49.6999 		0
v -24.3768 		-51.8165 		0
v -30.083 		-44.411 		0
v -27.0074 		-47.332 		0
v -47.9922 		-21.7283 		0
v -47.9287 		-21.8143 		0
v -41.8133 		-30.4337 		0
v -51.8015 		-14.9767 		0
v -49.8927 		-18.2774 		0
v -48.0528 		-21.6406 		0
v -53.0949 		-14.2014 		0
v -52.4042 		-14.5202 		0
v -54.5856 		-14.4109 		0
v -53.8507 		-14.2366 		0
v -55.594 		-15.5006 		0
v -55.152 		-14.9047 		0
v -55.9448 		-18.6649 		0
v -55.8344 		-17.064 		0
v -55.7255 		-21.8292 		0
v -55.847 		-20.2463 		0
v -55.7255 		-26.125 		0
v -55.7465 		-23.9803 		0
v -55.0679 		-28.7235 		0
v -55.4031 		-27.425 		0
v -54.5226 		-36.5102 		0
v -55.0679 		-31.2591 		0
v -55.0604 		-29.9894 		0
v -53.6221 		-44.1523 		0
v -53.9279 		-41.7578 		0
v -52.0353 		-51.4781 		0
v -53.2483 		-46.5357 		0
v -50.0825 		-58.6965 		0
v -50.7492 		-56.4057 		0
v -46.7009 		-68.4776 		0
v -49.3681 		-60.974 		0
v -43.9533 		-76.1248 		0
v -43.9816 		-76.0495 		0
v -44.0074 		-75.9733 		0
v -39.5471 		-87.8671 		0
v -39.5908 		-87.5664 		0
v -39.5766 		-86.8832 		0
v -38.5286 		-89.4847 		0
v -39.4592 		-88.1532 		0
v -35.8233 		-91.5682 		0
v -37.4862 		-90.7098 		0
v -32.8643 		-92.667 		0
v -34.0664 		-92.3024 		0
v -30.1861 		-93.6226 		0
v -30.9238 		-93.3318 		0
v -31.6549 		-93.0149 		0
v -22.9181 		-95.5325 		0
v -24.026 		-95.2781 		0
v -25.1958 		-94.7116 		0
v -18.5033 		-95.7429 		0
v -21.7899 		-95.6972 		0
v -14.183 		-95.6129 		0
v -15.2133 		-95.7181 		0
v -3.9891 		-95.5086 		0
v -8.5689 		-95.522 		0
v -13.1526 		-95.5086 		0
v -1.6653 		-95.0685 		0
v -2.8259 		-95.3063 		0
v 19.752 		-94.6489 		0
v 19.6637 		-94.6494 		0
v 10.9158 		-94.6236 		0
v 35.0754 		-96.5547 		0
v 32.5553 		-96.3258 		0
v 28.7415 		-95.5818 		0
v 41.4238 		-97.3992 		0
v 39.1758 		-97.1641 		0
v 38.3868 		-96.9628 		0
v 48.4557 		-98.7076 		0
v 47.0239 		-98.4423 		0
v 45.3485 		-98.0345 		0
v 54.7559 		-99 		0
v 49.8957 		-98.9034 		0
v 62.7889 		-98.3032 		0
v 59.6073 		-98.9243 		0
v 82.9854 		-97.3207 		0
v 81.8803 		-97.185 		0
v 80.8731 		-96.97 		0
v 88.1394 		-97.4573 		0
v 84.0944 		-97.4155 		0
v 93.5439 		-97.3246 		0
v 92.1837 		-97.4365 		0
v 95.4192 		-96.8334 		0
v 94.8802 		-97.1221 		0
v 96.4155 		-95.4685 		0
v 95.8886 		-96.4516 		0
v 97.0464 		-93.7982 		0
v 96.8751 		-94.4398 		0
v 98.493 		-92.2457 		0
v 98.1685 		-92.5329 		0
v 97.6878 		-92.8462 		0
v 99.0673 		-90.671 		0
v 98.7604 		-91.9252 		0
v 99.3057 		-87.9765 		0
v 99.2865 		-89.3896 		0
v 99.9661 		-78.5766 		0
v 99.6595 		-82.5694 		0
v 99.3084 		-86.5606 		0
v 99.9661 		-61.0048 		0
v 100 		-69.7919 		0
v 99.9661 		-60.8273 		0
v 99.9663 		-60.916 		0
v 99.8138 		-47.4269 		0
v 99.8997 		-54.9752 		0
v 95.907 		-44.5852 		0
v 95.9287 		-44.5577 		0
v 96.1576 		-45.5078 		0
v 91.5136 		-48.4026 		0
v 91.6624 		-48.1 		0
v 93.2154 		-47.0609 		0
v 81.4868 		-60.4559 		0
v 81.7086 		-60.0844 		0
v 81.9124 		-59.9206 		0
v 78.988 		-62.0378 		0
v 80.2753 		-61.1406 		0
v 80.8628 		-60.9215 		0
v 72.2053 		-66.5779 		0
v 73.8554 		-65.0473 		0
v 74.6413 		-64.649 		0
v 68.146 		-68.4602 		0
v 68.4532 		-68.2778 		0
v 69.4174 		-68.1448 		0
v 66.9828 		-69.3321 		0
v 67.2752 		-68.8644 		0
v 67.6357 		-68.7216 		0
v 58.5949 		-69.6934 		0
v 59.1035 		-69.39 		0
v 61.5887 		-69.743 		0
v 53.3375 		-48.4845 		0
v 69.8888 		-49.6161 		0
v 78.0877 		-42.7218 		0
v 54.4337 		53.9877 		0
v 39.2635 		95.8986 		0
v -24.8569 		69.9002 		0
v -63.6808 		23.641 		0
v -88.0389 		6.4397 		0
v -82.8829 		-14.1893 		0
v -88.1047 		-27.8853 		0
v -77.7188 		-52.2034 		0
v -75.8721 		-58.6898 		0
v -71.2245 		-70.7602 		0
v -80.0282 		-81.3461 		0
v -82.4233 		-93.2532 		0
v -86.5043 		-77.1516 		0
v -92.623 		-48.0266 		0
v -61.2938 		18.2796 		0
v -59.0139 		24.9224 		0
v -61.6884 		56.3766 		0
v -42.5722 		63.9415 		0
v -32.806 		51.9123 		0
v -42.616 		41.3725 		0
v -39.9415 		44.4529 		0
v -34.4391 		47.2819 		0
v -30.9753 		48.1411 		0
v -21.0884 		36.4689 		0
v -20.8692 		38.6064 		0
v -16.3532 		49.2727 		0
v -21.0449 		30.0814 		0
v -19.51 		53.5476 		0
v -40.665 		20.0817 		0
v -42.246 		26.4348 		0
v -20.8692 		71.8627 		0
v -14.2048 		91.7913 		0
v 52.2195 		59.2894 		0
v 13.7358 		64.1466 		0
v 22.6026 		70.7939 		0
v 37.707 		45.4378 		0
v 32.2703 		44.3482 		0
v 13.7397 		55.5353 		0
v 39.0223 		41.2258 		0
v 55.4202 		20.1656 		0
v 44.7873 		37.237 		0
v 40.5569 		36.1546 		0
v 21.2501 		31.8397 		0
v 25.7813 		35.7355 		0
v 31.8976 		35.4421 		0
v 35.6682 		34.4781 		0
v 43.2095 		29.9098 		0
v 81.2445 		-27.8853 		0
v 51.9345 		-41.695 		0
v 47.4624 		-34.6539 		0
v 19.6802 		8.2708 		0
v 18.3154 		18.8822 		0
v 13.0664 		11.8672 		0
v 0.4291 		-11.8248 		0
v -3.0026 		-12.483 		0
v -14.7561 		-23.782 		0
v 29.1354 		-20.9281 		0
v 41.2803 		-21.4939 		0
v 44.4402 		-29.2847 		0
v 42.5737 		-36.8542 		0
v 32.8403 		-37.3362 		0
v 30.2534 		-37.6506 		0
v 25.3429 		-23.799 		0
v 22.9447 		-27.7483 		0
v 25.8032 		-38.4259 		0
v 4.1879 		-50.2238 		0
v -7.0143 		-42.7846 		0
v -14.7851 		-33.2243 		0
v 12.4082 		-54.0277 		0
v 29.53 		-42.0093 		0
v 36.019 		-40.8567 		0
v 42.4641 		-41.1082 		0
v 47.7824 		-45.8631 		0
v 43.7259 		-47.6117 		0
v 43.2752 		-68.7694 		0
v 95.5807 		-60.7309 		0
v 95.5817 		-60.8273 		0
v 94.9214 		-88.0669 		0
v 94.8144 		-89.683 		0
v 62.2403 		-94.1381 		0
v 35.8316 		-92.4271 		0
v -3.2207 		-91.1236 		0
v -4.2741 		-91.3175 		0
v -35.2063 		-86.7073 		0
v -39.9196 		-74.4693 		0
v -45.3877 		-32.7251 		0
v -33.4584 		-47.0656 		0
v -23.2149 		-53.9329 		0
v -33.2114 		-41.5273 		0
v -42.2193 		-79.6157 		0
v -39.5908 		-86.2043 		0
v -28.2741 		-93.8821 		0
v -26.3717 		-94.1674 		0
v 24.9263 		-94.859 		0
v 37.5974 		-96.7659 		0
v 43.6698 		-97.646 		0
v 79.8634 		-96.7868 		0
v 97.2478 		-93.1825 		0
v 95.8886 		-44.6078 		0
v 94.354 		-46.2632 		0
v 82.0776 		-59.7795 		0
v 81.2884 		-60.7016 		0
v 75.2159 		-64.3478 		0
v 70.1519 		-68.036 		0
v 67.8939 		-68.6018 		0
v 63.641 		-69.9848 		0
v 84.4346 		-32.4908 		0
v 56.6288 		54.2337 		0
v 4.0783 		95.3328 		0
v 1.2282 		95.316 		0
v -62.5214 		22.3659 		0
v -81.0457 		-14.4319 		0
v -96.9832 		-41.3597 		0
v -86.3728 		-72.7411 		0
v -73.3729 		-81.3636 		0
v -84.6848 		-76.5439 		0
v -93.5852 		-47.793 		0
v -89.6968 		-32.2389 		0
v -89.5955 		-1.6647 		0
v -55.6598 		59.8761 		0
v -36.4997 		64.3606 		0
v -23.8945 		53.5476 		0
v -26.3498 		49.1889 		0
v -12.9114 		46.9568 		0
v -20.9569 		29.6165 		0
v -19.9923 		62.8518 		0
v -41.7611 		24.5033 		0
v -16.3626 		65.4712 		0
v -20.7913 		69.6773 		0
v 35.0176 		92.9589 		0
v 32.1826 		71.6531 		0
v 44.8536 		51.0958 		0
v 29.4204 		43.8243 		0
v 13.8775 		53.8619 		0
v 33.7126 		40.4173 		0
v 51.8249 		23.3927 		0
v 47.2737 		32.0988 		0
v 45.314 		35.599 		0
v 18.2703 		26.8137 		0
v 21.6599 		32.7179 		0
v 40.9734 		31.5444 		0
v 46.1909 		23.4975 		0
v 77.4631 		-37.399 		0
v 47.572 		-36.477 		0
v 49.3011 		-15.492 		0
v 21.6345 		-5.6667 		0
v 18.5908 		14.6124 		0
v 11.4176 		-9.0455 		0
v -14.6214 		-22.9398 		0
v 7.542 		-15.1444 		0
v 24.5347 		-21.3893 		0
v 44.7879 		-30.9867 		0
v 42.5956 		-36.5818 		0
v 24.181 		-29.3731 		0
v -0.5034 		-48.6312 		0
v -12.4072 		-36.5609 		0
v -14.6871 		-33.6189 		0
v 46.8486 		-43.3923 		0
v 48.8216 		-46.871 		0
v 44.7659 		-48.7989 		0
v 38.1235 		-70.7392 		0
v 18.3497 		-59.8005 		0
v 92.6879 		-93.1616 		0
v 83.5665 		-93.1611 		0
v 59.2565 		-94.7332 		0
v 49.1357 		-94.5652 		0
v -15.279 		-91.527 		0
v -32.3784 		-88.4466 		0
v -50.1495 		-36.1959 		0
v -30.0417 		-50.541 		0
v 0.2499 		-94.8247 		0
v 98.8392 		-47.6113 		0
v 96.3489 		-46.2004 		0
v 91.3945 		-48.6312 		0
v 84.5414 		-57.3051 		0
v 78.022 		-62.6923 		0
v 76.6302 		-63.5367 		0
v 66.732 		-69.6495 		0
v 75.8904 		-44.1579 		0
v 84.0067 		-34.3186 		0
v 50.8901 		18.8703 		0
v -24.859 		68.5517 		0
v -86.5693 		-27.5554 		0
v -97.0678 		-42.5277 		0
v -76.7353 		-55.4387 		0
v -69.2515 		-93.2454 		0
v -81.5379 		-75.8914 		0
v -70.9848 		-61.2288 		0
v -92.5987 		-34.612 		0
v -89.9242 		-8.3129 		0
v -77.5858 		13.0304 		0
v -63.9932 		17.9969 		0
v -60.3716 		26.1187 		0
v -42.4792 		42.1693 		0
v -24.1842 		44.2825 		0
v -19.51 		49.3565 		0
v -20.8043 		29.4053 		0
v -18.1163 		53.4157 		0
v -20.3431 		67.7135 		0
v -21.3076 		79.0923 		0
v 20.8926 		93.7192 		0
v 33.6952 		93.3211 		0
v 14.031 		66.6029 		0
v 45.4466 		51.4525 		0
v 38.0797 		41.2258 		0
v 38.555 		41.2567 		0
v 46.8705 		32.5083 		0
v 46.0524 		34.0343 		0
v 47.2639 		-35.2049 		0
v 52.2607 		-18.7124 		0
v 46.7609 		-16.9675 		0
v 13.1073 		17.766 		0
v 12.1895 		-10.9533 		0
v 25.1894 		-21.0957 		0
v 44.2667 		-25.1361 		0
v 31.4153 		-37.6497 		0
v -13.5818 		-35.108 		0
v 18.7231 		-60.9189 		0
v 84.5767 		-93.2454 		0
v -51.3411 		-24.4905 		0
v -22.7553 		-54.6923 		0
v -40.0157 		-84.6521 		0
v 2.1711 		-94.6494 		0
v 65.9647 		-97.6041 		0
v 98.0589 		-47.6882 		0
v 95.1503 		-45.4635 		0
v 90.6834 		-49.85 		0
v 64.574 		-70.0255 		0
v 52.0441 		-49.9095 		0
v 69.3846 		-50.6848 		0
v 50.663 		19.013 		0
v -79.7161 		-14.9098 		0
v -85.0575 		-27.1519 		0
v -77.6478 		-52.2146 		0
v -90.6257 		-32.4326 		0
v -66.6866 		17.6509 		0
v -61.6226 		27.4161 		0
v -42.1995 		42.9022 		0
v -23.8945 		46.318 		0
v -40.4402 		19.4316 		0
v 45.0917 		90.3723 		0
v 44.5467 		43.468 		0
v 18.4374 		27.2904 		0
v 66.5609 		-46.7092 		0
v 49.9834 		-23.4008 		0
v 51.9784 		-18.9583 		0
v -14.0346 		-21.4614 		0
v 25.9593 		-20.9828 		0
v 44.459 		-24.4042 		0
v 44.9976 		-30.7032 		0
v 14.2064 		-49.0713 		0
v 48.9591 		-46.8381 		0
v -30.6246 		-49.6912 		0
v -40.5334 		-83.1239 		0
v 76.3125 		-96.7325 		0
v 96.6184 		-46.7077 		0
v 89.9257 		-51.0411 		0
v 70.4927 		-67.9427 		0
v 65.5044 		-70.0058 		0
v 69.5814 		-50.13 		0
v -78.437 		-15.5006 		0
v -69.1202 		-93.2093 		0
v -91.3349 		-32.6368 		0
v -41.1236 		43.7231 		0
v -23.7704 		47.9423 		0
v -20.6061 		29.2393 		0
v 14.9937 		67.5123 		0
v 45.9936 		51.8712 		0
v 15.6313 		48.0992 		0
v 18.8005 		28.0445 		0
v 50.0894 		-22.9343 		0
v 22.1203 		-8.8158 		0
v -13.3499 		-20.027 		0
v 26.7459 		-20.9281 		0
v 45.062 		-23.5476 		0
v 45.2044 		-30.2114 		0
v 25.1254 		-30.9046 		0
v 88.7386 		-93.3579 		0
v 50.3561 		-94.7332 		0
v -34.4615 		-40.2965 		0
v -35.6448 		-39.0127 		0
v 69.3569 		-97.1433 		0
v 72.7606 		-96.7868 		0
v 97.4886 		-47.4792 		0
v 96.9628 		-47.1643 		0
v 70.8095 		-67.8055 		0
v 66.1402 		-69.8701 		0
v -69.0323 		-93.1406 		0
v -92.0287 		-32.8727 		0
v -23.8945 		49.3565 		0
v -20.0346 		29.1532 		0
v -40.1608 		18.8035 		0
v 16.1794 		68.2793 		0
v 51.1057 		24.1775 		0
v 51.0845 		-20.701 		0
v -12.8486 		-19.484 		0
v 27.9497 		-20.8883 		0
v 45.599 		-23.0446 		0
v 42.613 		-36.7359 		0
v 25.869 		-32.4955 		0
v 49.0627 		-46.7452 		0
v 22.3877 		-94.7196 		0
v 56.6486 		-74.2628 		0
v -69.4546 		-91.4872 		0
v -21.0021 		37.5399 		0
v -19.4442 		29.1135 		0
v -39.3046 		17.5569 		0
v 17.9334 		69.1241 		0
v 17.9805 		45.6799 		0
v 50.2465 		-22.4788 		0
v 22.7711 		-10.3691 		0
v -12.2757 		-19.0002 		0
v 26.0658 		-35.5387 		0
v -4.9863 		-44.7548 		0
v 48.1407 		-52.0873 		0
v 21.4461 		-66.2562 		0
v 88.4532 		-52.9168 		0
v -18.0559 		29.0636 		0
v -38.3851 		16.3517 		0
v 19.7308 		69.8929 		0
v 20.6296 		43.6985 		0
v 22.9382 		33.9451 		0
v -11.4562 		-18.5408 		0
v -2.9149 		-46.6911 		0
v 48.1858 		-52.1098 		0
v 21.6818 		-66.5481 		0
v -18.3043 		-91.5484 		0
v 19.8404 		-94.6494 		0
v 86.9224 		-54.7502 		0
v -16.682 		29.1135 		0
v -37.3489 		15.3106 		0
v 21.158 		70.3738 		0
v 24.1667 		43.5209 		0
v 24.3125 		35.0858 		0
v 23.611 		-11.8334 		0
v -10.6096 		-18.1201 		0
v -1.7342 		-47.7002 		0
v 49.0701 		-53.9868 		0
v 22.6948 		-67.6072 		0
v -21.3296 		-91.527 		0
v -51.4031 		-24.9112 		0
v 55.2886 		-75.3704 		0
v -72.2483 		-83.2576 		0
v -25.0221 		49.3985 		0
v -14.0784 		29.8951 		0
v -36.2586 		14.319 		0
v 27.842 		43.6985 		0
v 25.0323 		35.4472 		0
v 47.1555 		-35.7646 		0
v 25.0613 		-13.2391 		0
v -9.9591 		-17.8395 		0
v 49.8519 		-56.0494 		0
v 23.7864 		-68.5808 		0
v 50.065 		-78.1728 		0
v -72.7372 		-82.0552 		0
v -18.037 		49.4978 		0
v -11.5303 		30.8319 		0
v -34.2089 		12.7042 		0
v 28.6333 		43.7432 		0
v 26.6363 		-14.5367 		0
v -9.2943 		-17.5962 		0
v 25.5817 		-69.5643 		0
v 44.744 		-80.8397 		0
v -73.0151 		-81.6515 		0
v -32.0934 		11.1757 		0
v 28.4513 		-15.7591 		0
v 5.0258 		-50.3385 		0
v 27.4474 		-70.4249 		0
v -49.5654 		-41.3387 		0
v -10.65 		31.4617 		0
v -28.3841 		9.0927 		0
v 36.4925 		71.7163 		0
v 30.363 		-16.737 		0
v -7.4377 		-17.1776 		0
v 5.8759 		-50.3915 		0
v -49.2808 		-43.6179 		0
v -9.8204 		32.1703 		0
v -24.596 		7.1732 		0
v 40.798 		71.6531 		0
v -48.9296 		-45.886 		0
v -24.5302 		64.3606 		0
v -9.579 		32.3979 		0
v 41.9154 		71.4384 		0
v 8.1319 		-50.4525 		0
v -9.4039 		32.655 		0
v -23.3214 		6.9388 		0
v 43.0122 		71.1292 		0
v 42.1681 		30.798 		0
v 10.37 		-50.3915 		0
v -47.7477 		-50.6184 		0
v -9.3306 		35.7263 		0
v -22.0092 		6.8379 		0
v 43.9277 		70.7735 		0
v 46.6849 		52.6802 		0
v 11.3296 		-15.0088 		0
v 12.3535 		-49.8397 		0
v -46.4963 		-55.337 		0
v -9.3381 		38.8159 		0
v -19.7081 		6.8126 		0
v 44.7221 		70.291 		0
v 47.3309 		53.5266 		0
v -45.8479 		-57.5397 		0
v -71.4846 		-70.9045 		0
v -9.4145 		39.7609 		0
v -17.4055 		6.8379 		0
v 47.6236 		54.0065 		0
v -45.1809 		-59.7376 		0
v -9.5354 		40.7019 		0
v -16.183 		6.8992 		0
v 45.7381 		68.0914 		0
v 47.8351 		54.5116 		0
v 22.3107 		-16.8948 		0
v -9.8395 		42.54 		0
v -14.9721 		7.0265 		0
v 46.6074 		65.7856 		0
v 47.6539 		46.1053 		0
v 22.6817 		-16.671 		0
v 22.6903 		-17.6381 		0
v -10.3027 		44.3062 		0
v -13.6722 		7.4186 		0
v 47.0357 		64.2853 		0
v 50.9699 		48.5602 		0
v 57.1413 		18.8381 		0
v 33.558 		-16.854 		0
v -12.4072 		7.9066 		0
v 47.3966 		62.768 		0
v 47.8859 		56.9996 		0
v 58.9277 		17.588 		0
v 23.2822 		-17.2818 		0
v 23.0268 		-17.5159 		0
v -11.5206 		45.6859 		0
v 47.6501 		61.1373 		0
v 47.8351 		59.4989 		0
v 60.6556 		16.5995 		0
v 36.8082 		-16.737 		0
v -34.9573 		-87.0991 		0
v -9.9412 		9.2939 		0
v 52.5866 		49.1921 		0
v 37.902 		-16.6072 		0
v -34.6364 		-87.4407 		0
v -7.5186 		10.7566 		0
v 38.9785 		-16.4017 		0
v -6.0734 		11.7689 		0
v 52.7499 		60.1441 		0
v 39.5278 		-16.135 		0
v -33.5282 		-87.9745 		0
v -4.6687 		12.8311 		0
v 53.2718 		61.4478 		0
v 40.0527 		-15.815 		0
v 45.4365 		-28.7402 		0
v -92.7083 		-48.0235 		0
v -3.7001 		13.7014 		0
v 53.7525 		64.6623 		0
v 42.3739 		-14.3142 		0
v 45.6768 		-24.9871 		0
v 45.599 		-27.2566 		0
v -93.2107 		-47.9484 		0
v -2.8053 		14.6333 		0
v 54.1048 		67.9021 		0
v 44.459 		-12.6507 		0
v 47.6851 		-44.1731 		0
v -1.317 		16.8509 		0
v 54.2802 		49.6708 		0
v 45.4063 		-10.0363 		0
v -21.8505 		-91.4789 		0
v -0.0212 		19.1597 		0
v 54.1569 		69.8206 		0
v 46.0374 		-7.2604 		0
v 47.328 		-36.1295 		0
v 46.2042 		-4.8494 		0
v -92.4865 		-33.8707 		0
v 0.9728 		22.7512 		0
v 46.2786 		-2.4244 		0
v -92.3137 		-33.1451 		0
v 1.6669 		26.4103 		0
v 52.7034 		-42.4684 		0
v 54.8106 		-94.8125 		0
v -92.1896 		-32.9936 		0
v 1.6591 		31.3508 		0
v 53.5129 		-43.2037 		0
v 1.4257 		36.3013 		0
v 55.6322 		-44.8773 		0
v -83.7816 		-26.55 		0
v 1.1436 		39.2005 		0
v 47.1619 		-16.3222 		0
v 57.8097 		-46.4728 		0
v 0.5927 		42.028 		0
v 47.9227 		-15.4168 		0
v 59.9688 		-47.6527 		0
v -82.5583 		-25.8526 		0
v 48.7026 		-14.7888 		0
v 62.1941 		-48.6731 		0
v -1.7192 		46.1233 		0
v 49.545 		-14.2433 		0
v 48.5585 		-45.2155 		0
v -80.0287 		-23.9093 		0
v -4.296 		50.1109 		0
v 48.8594 		-45.9732 		0
v -77.5601 		-21.892 		0
v -5.6644 		51.7891 		0
v -76.6586 		-21.0429 		0
v -7.124 		53.4009 		0
v -75.9159 		-20.1182 		0
v -9.5608 		55.7872 		0
v -75.7639 		-18.7785 		0
v -12.0565 		58.1159 		0
v -75.9159 		-17.4704 		0
v -13.3227 		59.0931 		0
v -14.6433 		60.0019 		0
v -77.073 		-16.4202 		0
v -17.4726 		61.6779 		0
v 43.1209 		-81.5834 		0
v 41.4776 		-82.2857 		0
v -90.7738 		-7.9238 		0
v -30.2779 		64.6414 		0
v 39.3511 		-83.0984 		0
v -91.5684 		-7.4537 		0
v 37.2028 		-83.8364 		0
v -91.7838 		-7.1393 		0
v 36.1248 		-83.9673 		0
v -91.9191 		-6.7832 		0
v -44.4662 		63.7842 		0
v 35.0325 		-84.025 		0
v -91.9515 		-5.6183 		0
v -46.3428 		63.5434 		0
v 33.2993 		-84.0513 		0
v -91.7876 		-4.499 		0
v 31.5688 		-84.025 		0
v 30.5439 		-83.8673 		0
v 29.53 		-83.6478 		0
v -76.2886 		14.4447 		0
v 27.756 		-83.0874 		0
v 26.0005 		-82.4743 		0
v -74.6595 		15.3108 		0
v 24.2247 		-81.728 		0
v -72.9345 		16.0373 		0
v 22.493 		-80.9026 		0
v -70.743 		16.6866 		0
v 20.4477 		-79.5834 		0
v -68.5281 		17.2737 		0
v 18.5908 		-78.1365 		0
v -67.6108 		17.4781 		0
v -63.0834 		29.6689 		0
v -64.4506 		31.9844 		0
v 28.7595 		-70.7417 		0
v -65.194 		33.438 		0
v 30.1 		-70.9488 		0
v -65.8755 		34.9182 		0
v 32.2132 		-70.981 		0
v -66.5222 		36.7838 		0
v 34.331 		-70.9488 		0
v -67.1032 		38.6692 		0
v 36.2388 		-70.8983 		0
v -67.3392 		39.8164 		0
v -67.4978 		40.9743 		0
v -67.5977 		45.0527 		0
v -67.4978 		49.105 		0
v 44.007 		-67.9208 		0
v -66.8627 		50.8367 		0
v -66.0071 		52.4998 		0
v -65.0402 		53.7022 		0
v 48.7742 		-60.624 		0
v -63.9683 		54.8259 		0
v 49.2381 		-59.6538 		0
v 49.578 		-58.1436 		0
v -62.8547 		55.632 		0
v 49.8519 		-56.6152 		0
v 49.8737 		-56.3303 		0
v -52.6639 		61.1469 		0
v -49.6312 		62.3489 		0
v -47.9978 		62.9847 		0
v 52.5949 		-49.0798 		0
v 62.978 		-48.7372 		0
v -21.3472 		82.7187 		0
v -21.3076 		86.3429 		0
v -21.1857 		87.0202 		0
v 81.2874 		-24.8411 		0
v -21.0007 		87.684 		0
v 81.2445 		-21.7873 		0
v 81.2056 		-20.6228 		0
v -20.8199 		88.0175 		0
v 81.0692 		-19.4822 		0
v -20.5842 		88.3127 		0
v -18.2224 		89.8719 		0
v 80.5103 		-18.454 		0
v -15.8052 		91.3512 		0
v 79.8415 		-17.4704 		0
v -15.0216 		91.6316 		0
v 78.8153 		-16.1936 		0
v 77.6712 		-15.0606 		0
v 75.4641 		-14.2369 		0
v 25.662 		93.7433 		0
v 73.1552 		-13.5937 		0
v 30.4288 		93.7192 		0
v 70.5007 		-13.134 		0
v 67.8281 		-12.7555 		0
v 32.0676 		93.5604 		0
v 66.4708 		-12.6382 		0
v 65.1098 		-12.5669 		0
v 59.6461 		-12.4693 		0
v 47.6816 		89.5072 		0
v 54.2144 		-12.5669 		0
v 51.8483 		-13.2928 		0
v 51.5399 		82.2775 		0
v 52.4534 		79.2115 		0
v 53.2718 		76.1166 		0
v 53.7338 		73.9328 		0
v 54.1048 		71.7369 		0
v 62.4572 		15.8278 		0
v 66.1992 		15.6902 		0
v 69.9765 		15.8278 		0
v 74.8824 		16.4683 		0
v 56.977 		50.2295 		0
v 79.6223 		17.3994 		0
v 59.695 		50.6557 		0
v 63.7654 		50.7509 		0
v 80.1248 		18.2324 		0
v 67.8281 		50.6557 		0
v 80.4334 		19.2645 		0
v 69.4509 		50.2335 		0
v 80.9027 		21.1091 		0
v 71.0507 		49.6918 		0
v 81.2445 		22.9736 		0
v 72.1594 		49.3131 		0
v 81.3018 		28.4494 		0
v 73.1991 		48.8326 		0
v 81.2445 		33.9333 		0
v 81.1891 		35.2018 		0
v 75.2426 		46.8437 		0
v 77.1232 		44.7044 		0
v 81.0472 		36.4562 		0
v 78.548 		42.1453 		0
v 80.4909 		37.9949 		0
v 79.8415 		39.5074 		0
v 58.2043 		-70.0058 		0.01
v 57.896 		-70.6681 		0.01
v 57.7001 		-71.3679 		0.01
v 57.8224 		-71.9359 		0.01
v 58.0508 		-72.4785 		0.01
v 58.1399 		-72.5897 		0.01
v 58.2748 		-72.7337 		0.01
v 18.5032 		-77.3352 		0.01
v 18.5908 		-76.4601 		0.01
v 18.8059 		-73.6591 		0.01
v 19.1165 		-70.0786 		0.01
v 20.1117 		-71.0596 		0.01
v 20.9146 		-71.7451 		0.01
v 23.2792 		-73.092 		0.01
v 25.7375 		-74.2807 		0.01
v 27.5474 		-74.764 		0.01
v 29.3985 		-75.098 		0.01
v 31.9374 		-75.1629 		0.01
v 34.4844 		-75.1399 		0.01
v 36.5566 		-75.0945 		0.01
v 38.6058 		-74.9303 		0.01
v 40.7743 		-74.156 		0.01
v 42.9245 		-73.2958 		0.01
v 43.2647 		-73.2233 		0.01
v 43.6041 		-73.1491 		0.01
v 44.825 		-72.6961 		0.01
v 45.9717 		-72.1432 		0.01
v 47.2544 		-70.7091 		0.01
v 48.427 		-69.1676 		0.01
v 48.6815 		-68.539 		0.01
v 48.9312 		-67.9065 		0.01
v 50.3683 		-65.9344 		0.01
v 51.8249 		-63.9706 		0.01
v 52.3449 		-63.141 		0.01
v 52.8333 		-62.2942 		0.01
v 53.1413 		-61.6421 		0.01
v 53.4033 		-60.974 		0.01
v 53.8325 		-59.0628 		0.01
v 54.1925 		-57.1391 		0.01
v 54.2431 		-56.2033 		0.01
v 54.1925 		-55.2741 		0.01
v 53.6285 		-53.6212 		0.01
v 52.9868 		-51.9841 		0.01
v 52.4377 		-50.9316 		0.01
v 54.2372 		-49.0757 		0.01
v 55.179 		-49.8466 		0.01
v 57.5512 		-51.1453 		0.01
v 59.958 		-52.3822 		0.01
v 60.66 		-52.6278 		0.01
v 61.383 		-52.8013 		0.01
v 62.9915 		-52.8649 		0.01
v 64.6056 		-52.8642 		0.01
v 65.7381 		-52.7759 		0.01
v 66.8635 		-52.6337 		0.01
v 68.1892 		-52.3109 		0.01
v 69.4942 		-51.9212 		0.01
v 69.5501 		-51.8998 		0.01
v 69.6103 		-51.8764 		0.01
v 69.4449 		-51.2249 		0.01
v 70.6337 		-48.9961 		0.01
v 71.6002 		-48.2797 		0.01
v 71.6366 		-48.003 		0.01
v 71.7132 		-47.655 		0.01
v 72.4505 		-46.86 		0.01
v 73.2328 		-46.0143 		0.01
v 79.9038 		-41.6652 		0.01
v 82.3673 		-40.3005 		0.01
v 82.5201 		-40.0329 		0.01
v 82.6476 		-39.809 		0.01
v 83.0787 		-38.9621 		0.01
v 83.4368 		-38.0906 		0.01
v 83.7345 		-36.2093 		0.01
v 84.9055 		-30.6724 		0.01
v 85.2391 		-29.8061 		0.01
v 85.5194 		-28.9331 		0.01
v 85.627 		-25.1977 		0.01
v 85.629 		-21.452 		0.01
v 85.5563 		-19.8748 		0.01
v 85.344 		-18.3296 		0.01
v 84.514 		-16.7347 		0.01
v 83.5244 		-15.2073 		0.01
v 81.9297 		-13.2663 		0.01
v 80.1703 		-11.5191 		0.01
v 77.8983 		-10.7043 		0.01
v 75.5228 		-10.0313 		0.01
v 74.9331 		-9.7586 		0.01
v 74.339 		-9.5074 		0.01
v 73.247 		-9.3816 		0.01
v 72.1468 		-9.2769 		0.01
v 70.3717 		-8.9471 		0.01
v 68.5954 		-8.6272 		0.01
v 67.0195 		-8.474 		0.01
v 65.4386 		-8.3758 		0.01
v 59.6296 		-8.293 		0.01
v 53.8417 		-8.3758 		0.01
v 51.7293 		-9.0139 		0.01
v 49.83 		-9.6122 		0.01
v 49.976 		-9.1282 		0.01
v 50.2684 		-8.4596 		0.01
v 50.4987 		-5.5728 		0.01
v 50.6411 		-2.6759 		0.01
v 50.6736 		8.0595 		0.01
v 50.6628 		18.7961 		0.01
v 50.6532 		18.9233 		0.01
v 51.1234 		18.6777 		0.01
v 51.5833 		18.0492 		0.01
v 52.066 		17.4413 		0.01
v 54.1533 		15.7801 		0.01
v 56.319 		14.2142 		0.01
v 58.7564 		12.8239 		0.01
v 61.2953 		11.7205 		0.01
v 65.7324 		11.5015 		0.01
v 70.2177 		11.6367 		0.01
v 75.8924 		12.4525 		0.01
v 81.5076 		13.5017 		0.01
v 82.3003 		13.9794 		0.01
v 82.9764 		14.6124 		0.01
v 83.8318 		16.2003 		0.01
v 84.5548 		17.8605 		0.01
v 85.1572 		20.0654 		0.01
v 85.5851 		22.303 		0.01
v 85.6774 		28.2805 		0.01
v 85.629 		34.2686 		0.01
v 85.5566 		35.6694 		0.01
v 85.3878 		37.0557 		0.01
v 84.7094 		39.0729 		0.01
v 83.919 		41.0581 		0.01
v 82.4996 		43.9872 		0.01
v 80.9157 		46.8209 		0.01
v 78.4872 		49.6205 		0.01
v 75.8517 		52.2274 		0.01
v 74.2907 		52.9919 		0.01
v 72.6291 		53.6105 		0.01
v 70.7483 		54.2485 		0.01
v 68.8365 		54.7421 		0.01
v 64.1508 		54.8963 		0.01
v 59.4538 		54.8468 		0.01
v 55.6819 		56.7441 		0.01
v 57.3932 		60.0019 		0.01
v 58.0508 		63.7178 		0.01
v 58.4893 		67.483 		0.01
v 58.5507 		69.6524 		0.01
v 58.4893 		71.8208 		0.01
v 58.0805 		74.3841 		0.01
v 57.5685 		76.9339 		0.01
v 56.6943 		80.2122 		0.01
v 55.749 		83.472 		0.01
v 55.3798 		84.3826 		0.01
v 54.9598 		85.2742 		0.01
v 53.025 		88.8321 		0.01
v 51.0357 		92.3571 		0.01
v 50.6774 		92.787 		0.01
v 50.2465 		93.1325 		0.01
v 46.8935 		94.1307 		0.01
v 43.4945 		95.0394 		0.01
v 41.3779 		95.4686 		0.01
v 38.5708 		96.174 		0.01
v 37.8824 		96.4644 		0.01
v 36.3225 		96.9537 		0.01
v 34.7475 		97.3864 		0.01
v 32.7812 		97.6854 		0.01
v 30.8015 		97.8893 		0.01
v 25.7222 		98 		0.01
v 20.6515 		97.9103 		0.01
v 12.4416 		96.708 		0.01
v 4.244 		95.3586 		0.01
v 4.1613 		95.3438 		0.01
v -1.6215 		95.3328 		0.01
v -8.0839 		95.6965 		0.01
v -14.5337 		95.9824 		0.01
v -15.9954 		95.7123 		0.01
v -17.4055 		95.249 		0.01
v -20.4463 		93.4875 		0.01
v -23.3683 		91.5608 		0.01
v -24.3091 		90.474 		0.01
v -25.1002 		89.2767 		0.01
v -25.441 		88.1851 		0.01
v -25.6482 		87.0554 		0.01
v -25.7238 		82.9822 		0.01
v -25.6921 		78.9037 		0.01
v -25.4827 		76.6401 		0.01
v -25.2536 		74.3773 		0.01
v -25.2552 		72.994 		0.01
v -25.2536 		71.6112 		0.01
v -30.5768 		68.3944 		0.01
v -36.719 		68.5517 		0.01
v -38.8571 		68.356 		0.01
v -40.9938 		68.1326 		0.01
v -41.8927 		68.1335 		0.01
v -42.7914 		68.1326 		0.01
v -44.949 		67.9475 		0.01
v -47.0882 		67.6716 		0.01
v -49.1397 		67.015 		0.01
v -51.1657 		66.2676 		0.01
v -54.3763 		65.0082 		0.01
v -57.5451 		63.6691 		0.01
v -59.3203 		62.5783 		0.01
v -61.0746 		61.4478 		0.01
v -62.5346 		60.6964 		0.01
v -63.9902 		59.939 		0.01
v -65.3797 		59.0424 		0.01
v -66.7086 		58.074 		0.01
v -68.2231 		56.5427 		0.01
v -69.6023 		54.9097 		0.01
v -70.7996 		52.6742 		0.01
v -71.7068 		50.3414 		0.01
v -71.9246 		45.5614 		0.01
v -71.8822 		40.7438 		0.01
v -71.6918 		39.2809 		0.01
v -71.3999 		37.831 		0.01
v -70.7269 		35.64 		0.01
v -69.975 		33.4723 		0.01
v -69.1668 		31.6967 		0.01
v -68.287 		29.9518 		0.01
v -66.8568 		27.5201 		0.01
v -65.3275 		25.153 		0.01
v -64.6139 		22.0092 		0.01
v -67.2566 		21.821 		0.01
v -68.3784 		21.608 		0.01
v -69.4927 		21.36 		0.01
v -71.9081 		20.739 		0.01
v -74.2937 		20.0398 		0.01
v -76.7672 		18.9778 		0.01
v -79.1165 		17.7347 		0.01
v -80.6674 		16.0624 		0.01
v -82.098 		14.2561 		0.01
v -85.0611 		10.3417 		0.01
v -89.305 		5.1157 		0.01
v -90.5819 		3.7993 		0.01
v -93.3408 		0.5277 		0.01
v -95.9309 		-2.8226 		0.01
v -96.2029 		-4.0397 		0.01
v -96.3036 		-5.3163 		0.01
v -96.3539 		-6.4894 		0.01
v -96.2816 		-7.6423 		0.01
v -95.6243 		-9.115 		0.01
v -94.769 		-10.4713 		0.01
v -93.3573 		-11.3737 		0.01
v -91.8095 		-12.1058 		0.01
v -89.2911 		-12.7434 		0.01
v -86.7455 		-13.3213 		0.01
v -85.739 		-13.6562 		0.01
v -84.7286 		-13.9709 		0.01
v -88.5314 		-27.8888 		0.01
v -88.9596 		-27.8853 		0.01
v -90.3015 		-28.0934 		0.01
v -91.6341 		-28.3463 		0.01
v -92.9907 		-28.7216 		0.01
v -94.2867 		-29.2055 		0.01
v -95.3775 		-30.1218 		0.01
v -96.3036 		-31.1753 		0.01
v -96.7102 		-32.6104 		0.01
v -96.9393 		-34.1091 		0.01
v -96.9824 		-37.7316 		0.01
v -97.2024 		-43.6909 		0.01
v -97.742 		-46.277 		0.01
v -98.2766 		-48.8617 		0.01
v -98.2973 		-49.3832 		0.01
v -98.2327 		-49.8885 		0.01
v -97.8276 		-50.5132 		0.01
v -97.312 		-51.0411 		0.01
v -95.4984 		-51.6895 		0.01
v -93.6071 		-52.1308 		0.01
v -85.7176 		-52.2367 		0.01
v -77.8074 		-52.2138 		0.01
v -75.771 		-59.5591 		0.01
v -75.6748 		-60.4291 		0.01
v -75.2419 		-62.2045 		0.01
v -74.7102 		-63.9496 		0.01
v -72.9369 		-67.3943 		0.01
v -71.8822 		-70.9697 		0.01
v -75.2716 		-71.0357 		0.01
v -78.6562 		-71.1583 		0.01
v -82.2284 		-71.7721 		0.01
v -85.7809 		-72.4995 		0.01
v -86.9647 		-72.9815 		0.01
v -89.3766 		-73.3739 		0.01
v -91.7876 		-73.7778 		0.01
v -94.4716 		-74.492 		0.01
v -97.1147 		-75.3075 		0.01
v -97.8461 		-75.7367 		0.01
v -98.4739 		-76.2715 		0.01
v -98.8019 		-77.1585 		0.01
v -99 		-78.0946 		0.01
v -98.9126 		-78.6757 		0.01
v -98.715 		-79.2262 		0.01
v -98.1805 		-79.7585 		0.01
v -97.5531 		-80.1692 		0.01
v -95.5001 		-80.3734 		0.01
v -93.4098 		-80.5045 		0.01
v -90.0686 		-80.9564 		0.01
v -86.7236 		-81.3427 		0.01
v -71.8164 		-84.486 		0.01
v -71.3756 		-86.2079 		0.01
v -70.9176 		-87.9227 		0.01
v -70.4371 		-88.8766 		0.01
v -69.9531 		-89.8296 		0.01
v -95.599 		-93.2454 		0.01
v -95.7324 		-93.2425 		0.01
v -95.8651 		-93.2454 		0.01
v -96.1679 		-93.2924 		0.01
v -96.457 		-93.3711 		0.01
v -97.1187 		-93.8212 		0.01
v -97.7066 		-94.3351 		0.01
v -97.9737 		-95.0216 		0.01
v -98.1012 		-95.7391 		0.01
v -97.8348 		-96.4237 		0.01
v -97.4435 		-97.0593 		0.01
v -96.9397 		-97.3925 		0.01
v -96.3693 		-97.6041 		0.01
v -82.5656 		-97.5505 		0.01
v -68.7414 		-97.4174 		0.01
v -68.6003 		-97.4235 		0.01
v -68.4623 		-97.4155 		0.01
v -66.9293 		-96.8172 		0.01
v -65.4152 		-96.1791 		0.01
v -64.98 		-95.9027 		0.01
v -64.604 		-95.5714 		0.01
v -64.2875 		-94.8957 		0.01
v -64.1217 		-94.1884 		0.01
v -64.8712 		-91.3958 		0.01
v -65.7659 		-88.6142 		0.01
v -66.2477 		-87.6288 		0.01
v -66.7305 		-86.6444 		0.01
v -67.1538 		-85.0652 		0.01
v -67.5635 		-83.4801 		0.01
v -68.1077 		-81.8547 		0.01
v -68.7473 		-80.2739 		0.01
v -69.6824 		-79.0441 		0.01
v -70.7203 		-77.885 		0.01
v -71.2181 		-77.5115 		0.01
v -71.7726 		-77.2564 		0.01
v -79.2145 		-77.1683 		0.01
v -86.2843 		-77.1132 		0.01
v -85.8905 		-77.0468 		0.01
v -85.2908 		-76.786 		0.01
v -78.3712 		-75.3494 		0.01
v -74.8684 		-75.2635 		0.01
v -71.378 		-75.1399 		0.01
v -69.0743 		-74.5077 		0.01
v -66.8401 		-73.6939 		0.01
v -66.4078 		-73.2751 		0.01
v -66.0728 		-72.7719 		0.01
v -65.9497 		-72.1869 		0.01
v -65.9632 		-71.5984 		0.01
v -68.2426 		-67.1177 		0.01
v -70.545 		-62.6295 		0.01
v -71.3342 		-59.8005 		0.01
v -71.4301 		-58.9199 		0.01
v -71.5315 		-58.0402 		0.01
v -72.4216 		-54.5501 		0.01
v -73.3948 		-51.083 		0.01
v -73.9124 		-49.8784 		0.01
v -74.5348 		-48.736 		0.01
v -75.0099 		-48.3558 		0.01
v -75.5651 		-48.1073 		0.01
v -84.0376 		-48.0223 		0.01
v -92.5369 		-48.0243 		0.01
v -93.2755 		-46.0928 		0.01
v -92.8618 		-44.3144 		0.01
v -92.7043 		-43.0279 		0.01
v -92.5987 		-41.7369 		0.01
v -92.6019 		-38.1736 		0.01
v -88.7623 		-32.0764 		0.01
v -88.3014 		-32.08 		0.01
v -87.8416 		-32.0764 		0.01
v -85.7664 		-31.6614 		0.01
v -83.7202 		-31.1544 		0.01
v -81.9812 		-30.3631 		0.01
v -80.3003 		-29.457 		0.01
v -78.4374 		-28.104 		0.01
v -76.6174 		-26.6908 		0.01
v -75.5515 		-25.8039 		0.01
v -74.5129 		-24.8887 		0.01
v -73.5058 		-23.8576 		0.01
v -72.5399 		-22.7931 		0.01
v -72.0176 		-22.0927 		0.01
v -71.6191 		-21.3472 		0.01
v -71.511 		-18.9287 		0.01
v -71.5315 		-16.4855 		0.01
v -71.5919 		-15.9931 		0.01
v -71.7507 		-15.5425 		0.01
v -73.7715 		-13.7431 		0.01
v -75.9159 		-12.0639 		0.01
v -77.707 		-11.188 		0.01
v -79.5769 		-10.4713 		0.01
v -81.542 		-10.1762 		0.01
v -83.5229 		-9.9265 		0.01
v -84.4451 		-9.6408 		0.01
v -85.3644 		-9.3397 		0.01
v -87.6514 		-8.8418 		0.01
v -87.2278 		1.0961 		0.01
v -85.9384 		2.4217 		0.01
v -84.6629 		3.7574 		0.01
v -81.7161 		7.6265 		0.01
v -78.7877 		11.511 		0.01
v -58.7626 		18.2953 		0.01
v -56.2297 		18.2796 		0.01
v -55.9067 		18.3138 		0.01
v -55.594 		18.3843 		0.01
v -55.0545 		18.6711 		0.01
v -54.5637 		19.013 		0.01
v -54.2593 		19.5273 		0.01
v -54.0594 		20.0817 		0.01
v -54.1458 		20.93 		0.01
v -54.3883 		21.7372 		0.01
v -55.4233 		22.7461 		0.01
v -56.5805 		23.6651 		0.01
v -57.8022 		24.2883 		0.01
v -60.3524 		57.0697 		0.01
v -59.0139 		57.7596 		0.01
v -57.3468 		58.8366 		0.01
v -41.6734 		63.9418 		0.01
v -40.7746 		63.9415 		0.01
v -38.6379 		64.1649 		0.01
v -23.9482 		62.1575 		0.01
v -23.8945 		59.4361 		0.01
v -23.793 		56.4211 		0.01
v -24.4221 		53.4817 		0.01
v -25.1002 		53.5476 		0.01
v -26.1121 		53.4527 		0.01
v -27.117 		53.3171 		0.01
v -28.2462 		52.9836 		0.01
v -29.375 		52.6465 		0.01
v -30.6594 		52.4521 		0.01
v -31.9399 		52.2484 		0.01
v -33.6718 		51.5778 		0.01
v -34.7117 		51.4748 		0.01
v -35.7325 		51.3263 		0.01
v -37.9649 		50.1056 		0.01
v -40.1827 		48.8326 		0.01
v -40.9751 		48.5544 		0.01
v -41.7611 		48.2668 		0.01
v -43.5996 		47.1007 		0.01
v -45.4002 		45.8779 		0.01
v -45.7374 		45.5741 		0.01
v -46.014 		45.2283 		0.01
v -46.5511 		43.6859 		0.01
v -46.9347 		42.1059 		0.01
v -47.0774 		35.1091 		0.01
v -42.693 		34.8748 		0.01
v -39.1877 		44.7284 		0.01
v -38.4289 		44.9978 		0.01
v -36.4388 		46.1593 		0.01
v -33.6798 		47.384 		0.01
v -32.9045 		47.4496 		0.01
v -31.9403 		47.7952 		0.01
v -29.7491 		48.3438 		0.01
v -28.5201 		48.5392 		0.01
v -27.4359 		48.8721 		0.01
v -24.5302 		42.2526 		0.01
v -24.8616 		40.7545 		0.01
v -25.1879 		39.256 		0.01
v -25.3438 		38.0743 		0.01
v -25.4509 		36.888 		0.01
v -25.4932 		33.6711 		0.01
v -21.109 		33.5142 		0.01
v -20.5537 		39.9896 		0.01
v -20.2335 		41.3725 		0.01
v -19.8515 		43.58 		0.01
v -19.5319 		45.7941 		0.01
v -19.626 		47.6996 		0.01
v -15.4387 		48.6297 		0.01
v -14.5556 		47.8896 		0.01
v -13.7232 		47.4344 		0.01
v -21.0884 		30.5595 		0.01
v -25.4729 		30.4547 		0.01
v -25.3847 		29.2824 		0.01
v -25.166 		28.1496 		0.01
v -24.3261 		26.9888 		0.01
v -23.3683 		25.8864 		0.01
v -22.9843 		25.5581 		0.01
v -22.5572 		25.2996 		0.01
v -21.2536 		25.0824 		0.01
v -19.9265 		24.9434 		0.01
v -18.1215 		24.8671 		0.01
v -16.3313 		24.9224 		0.01
v -13.651 		25.7416 		0.01
v -10.9823 		26.6408 		0.01
v -10.413 		26.7069 		0.01
v -9.8642 		26.8084 		0.01
v -8.3321 		27.8839 		0.01
v -6.8609 		29.0507 		0.01
v -6.0909 		29.8792 		0.01
v -5.414 		30.769 		0.01
v -5.1523 		31.5696 		0.01
v -4.9975 		32.4035 		0.01
v -4.9381 		35.7122 		0.01
v -4.9537 		39.0255 		0.01
v -5.0372 		40.0967 		0.01
v -5.1729 		41.1629 		0.01
v -5.6129 		43.6943 		0.01
v -6.269 		46.1294 		0.01
v -8.0479 		48.2129 		0.01
v -10.0615 		50.1528 		0.01
v -11 		50.7242 		0.01
v -11.9688 		51.2635 		0.01
v -12.9994 		52.0932 		0.01
v -14.0514 		52.877 		0.01
v -15.2134 		53.2608 		0.01
v -16.419 		53.5266 		0.01
v -19.6424 		56.4294 		0.01
v -19.51 		59.6037 		0.01
v -19.895 		61.4622 		0.01
v -40.8759 		21.1704 		0.01
v -41.0815 		22.2611 		0.01
v -41.4208 		23.3822 		0.01
v -42.616 		28.3801 		0.01
v -47.0005 		28.1077 		0.01
v -46.5935 		25.8895 		0.01
v -46.0578 		23.6861 		0.01
v -45.6966 		22.4809 		0.01
v -45.3344 		21.2762 		0.01
v -45.1414 		20.2166 		0.01
v -44.9398 		19.1597 		0.01
v -44.5944 		18.1071 		0.01
v -44.1725 		17.0851 		0.01
v -43.0788 		15.4324 		0.01
v -41.8926 		13.837 		0.01
v -40.5689 		12.4852 		0.01
v -39.1743 		11.1966 		0.01
v -36.9929 		9.4948 		0.01
v -34.7679 		7.8437 		0.01
v -33.7617 		7.2062 		0.01
v -32.7291 		6.6074 		0.01
v -29.3447 		4.8141 		0.01
v -25.9113 		3.1497 		0.01
v -24.2112 		2.8317 		0.01
v -22.4695 		2.6677 		0.01
v -19.7524 		2.6248 		0.01
v -17.0328 		2.6468 		0.01
v -15.6892 		2.7134 		0.01
v -14.3583 		2.8563 		0.01
v -12.4835 		3.3923 		0.01
v -10.6534 		4.0508 		0.01
v -7.8526 		5.5935 		0.01
v -5.1071 		7.236 		0.01
v -3.5277 		8.3389 		0.01
v -1.9942 		9.4992 		0.01
v -0.721 		10.624 		0.01
v 0.4611 		11.8253 		0.01
v 2.3321 		14.5653 		0.01
v 3.9687 		17.4204 		0.01
v 5.1508 		21.5281 		0.01
v 5.9855 		25.7188 		0.01
v 6.0261 		31.0978 		0.01
v 5.8102 		36.4899 		0.01
v 5.4993 		39.7656 		0.01
v 4.8894 		42.9651 		0.01
v 2.3333 		47.6889 		0.01
v -0.5254 		52.2903 		0.01
v -2.1464 		54.2894 		0.01
v -3.8795 		56.2089 		0.01
v -6.3783 		58.6826 		0.01
v -8.9435 		61.0916 		0.01
v -10.4763 		62.2885 		0.01
v -12.0784 		63.3967 		0.01
v -20.8724 		73.2244 		0.01
v -20.8692 		74.5869 		0.01
v -21.0963 		76.8392 		0.01
v -8.0493 		91.497 		0.01
v -1.8845 		91.1626 		0.01
v 1.2104 		91.0845 		0.01
v 4.2975 		91.1417 		0.01
v 12.5165 		92.3646 		0.01
v 20.7267 		93.6934 		0.01
v 20.8095 		93.7082 		0.01
v 36.3259 		92.5457 		0.01
v 37.0251 		92.2444 		0.01
v 37.7289 		91.959 		0.01
v 40.0176 		91.4732 		0.01
v 42.3107 		90.995 		0.01
v 48.8885 		87.661 		0.01
v 49.8957 		85.5885 		0.01
v 50.7561 		83.9474 		0.01
v 51.9723 		61.0807 		0.01
v 51.7591 		63.2919 		0.01
v 51.3348 		65.1373 		0.01
v 50.8165 		66.9591 		0.01
v 49.5981 		70.1359 		0.01
v 48.142 		73.141 		0.01
v 46.5477 		74.1708 		0.01
v 44.744 		74.985 		0.01
v 43.1846 		75.4568 		0.01
v 41.5872 		75.7813 		0.01
v 36.8456 		75.8899 		0.01
v 32.0949 		75.8442 		0.01
v 27.1523 		75.4909 		0.01
v 22.2299 		74.985 		0.01
v 20.1849 		74.4618 		0.01
v 18.1743 		73.8115 		0.01
v 16.1217 		72.9467 		0.01
v 14.1187 		71.9884 		0.01
v 12.7591 		71.0357 		0.01
v 11.4442 		70.0186 		0.01
v 10.8934 		69.5282 		0.01
v 10.37 		69.0127 		0.01
v 10.0825 		68.6505 		0.01
v 9.8658 		68.2583 		0.01
v 9.5229 		65.0829 		0.01
v 9.2739 		61.8879 		0.01
v 9.245 		59.4576 		0.01
v 13.636 		59.4048 		0.01
v 13.6583 		61.5945 		0.01
v 23.0716 		70.8037 		0.01
v 23.5452 		70.7939 		0.01
v 27.8625 		71.2493 		0.01
v 42.6901 		50.3195 		0.01
v 40.513 		49.5661 		0.01
v 40.1853 		49.4216 		0.01
v 39.8992 		49.2308 		0.01
v 38.8083 		47.3152 		0.01
v 37.3889 		45.4 		0.01
v 37.0274 		45.4169 		0.01
v 34.6488 		44.882 		0.01
v 31.9634 		44.3475 		0.01
v 31.6565 		44.3482 		0.01
v 30.5392 		44.0841 		0.01
v 14.9519 		49.8295 		0.01
v 14.4475 		51.6616 		0.01
v 14.1367 		52.7571 		0.01
v 13.6583 		57.2148 		0.01
v 9.2739 		57.0262 		0.01
v 9.3527 		55.3151 		0.01
v 9.4931 		53.6105 		0.01
v 9.8315 		52.0638 		0.01
v 10.2384 		50.53 		0.01
v 10.9229 		48.1381 		0.01
v 11.8388 		45.8779 		0.01
v 15.2357 		42.7923 		0.01
v 18.525 		39.8637 		0.01
v 18.0096 		39.4866 		0.01
v 30.0123 		39.6332 		0.01
v 39.5577 		40.9981 		0.01
v 39.9869 		40.6809 		0.01
v 44.3305 		40.3524 		0.01
v 44.3714 		41.8125 		0.01
v 44.3784 		42.6775 		0.01
v 54.9579 		20.7714 		0.01
v 54.4994 		21.381 		0.01
v 53.1608 		22.3851 		0.01
v 50.5096 		25.0272 		0.01
v 50.438 		26.073 		0.01
v 50.3561 		27.1228 		0.01
v 49.0826 		29.4312 		0.01
v 47.6816 		31.6911 		0.01
v 44.3714 		38.8997 		0.01
v 40.0153 		39.6677 		0.01
v 39.9869 		38.6064 		0.01
v 40.3703 		37.2029 		0.01
v 39.1955 		37.116 		0.01
v 37.5535 		38.3339 		0.01
v 36.1259 		38.6635 		0.01
v 34.6598 		38.9207 		0.01
v 33.8723 		39.216 		0.01
v 33.0814 		39.4865 		0.01
v 31.2199 		39.5589 		0.01
v 17.2097 		39.1093 		0.01
v 16.2814 		38.1889 		0.01
v 15.434 		37.2023 		0.01
v 14.5525 		35.6963 		0.01
v 13.8775 		34.1219 		0.01
v 13.7769 		30.4794 		0.01
v 13.7679 		26.8084 		0.01
v 13.4443 		25.3001 		0.01
v 13.1322 		23.7909 		0.01
v 18.1273 		24.7463 		0.01
v 18.1524 		26.3265 		0.01
v 19.2046 		28.7782 		0.01
v 20.0434 		29.8548 		0.01
v 20.8707 		30.9367 		0.01
v 25.9109 		35.6797 		0.01
v 26.0444 		35.6097 		0.01
v 28.9747 		35.546 		0.01
v 32.6237 		35.1979 		0.01
v 33.3445 		34.9182 		0.01
v 34.5237 		34.7301 		0.01
v 37.0191 		33.4738 		0.01
v 38.3647 		32.4455 		0.01
v 39.6665 		31.991 		0.01
v 44.2936 		27.3776 		0.01
v 45.2921 		24.7758 		0.01
v 45.7862 		24.1459 		0.01
v 46.2975 		10.6847 		0.01
v 46.2777 		-2.1652 		0.01
v 46.2791 		-2.2948 		0.01
v 80.9846 		-28.7055 		0.01
v 80.6746 		-29.5198 		0.01
v 80.1804 		-31.4325 		0.01
v 79.7319 		-33.3547 		0.01
v 79.5245 		-34.9436 		0.01
v 79.3078 		-36.5937 		0.01
v 79.2771 		-36.5983 		0.01
v 79.2496 		-36.6028 		0.01
v 78.6836 		-36.7891 		0.01
v 78.1316 		-37.0219 		0.01
v 76.7943 		-37.7763 		0.01
v 75.5898 		-38.2388 		0.01
v 74.4486 		-38.7821 		0.01
v 70.9046 		-42.3384 		0.01
v 67.4116 		-45.9699 		0.01
v 65.6798 		-47.4158 		0.01
v 64.9333 		-47.8889 		0.01
v 64.211 		-48.3797 		0.01
v 64.0993 		-48.5078 		0.01
v 63.9627 		-48.6967 		0.01
v 50.5041 		-39.9186 		0.01
v 49.0846 		-38.1325 		0.01
v 48.3262 		-37.3056 		0.01
v 47.9485 		-33.9919 		0.01
v 48.4489 		-33.3337 		0.01
v 48.9972 		-32.3749 		0.01
v 49.4573 		-31.3849 		0.01
v 49.7628 		-29.5309 		0.01
v 49.9615 		-27.6548 		0.01
v 49.976 		-25.527 		0.01
v 52.5922 		-18.5182 		0.01
v 53.6816 		-18.1797 		0.01
v 54.7625 		-17.8267 		0.01
v 55.3619 		-17.445 		0.01
v 55.8805 		-16.9885 		0.01
v 56.1368 		-16.3006 		0.01
v 56.2532 		-15.5845 		0.01
v 55.9691 		-14.9048 		0.01
v 55.5517 		-14.2852 		0.01
v 54.8172 		-13.8554 		0.01
v 54.0171 		-13.5518 		0.01
v 53.0992 		-13.6014 		0.01
v 52.1976 		-13.8032 		0.01
v 21.2653 		-2.4873 		0.01
v 21.0578 		-0.2749 		0.01
v 20.8269 		1.9343 		0.01
v 18.1524 		23.1622 		0.01
v 12.7963 		11.9547 		0.01
v 12.4307 		12.1396 		0.01
v 11.6558 		12.1144 		0.01
v 10.918 		11.972 		0.01
v 10.0857 		11.2026 		0.01
v 9.3177 		10.3374 		0.01
v 9.0837 		9.9841 		0.01
v 8.9231 		9.604 		0.01
v 8.8268 		5.8885 		0.01
v 8.8354 		2.1648 		0.01
v 9.0381 		0.98 		0.01
v 9.2739 		-0.2031 		0.01
v 9.3914 		-1.66 		0.01
v 9.515 		-3.116 		0.01
v 9.815 		-4.973 		0.01
v 10.2165 		-6.8041 		0.01
v 10.0628 		-11.0975 		0.01
v 7.4324 		-10.9533 		0.01
v 6.4895 		-11.0542 		0.01
v 5.5471 		-11.1629 		0.01
v 4.7015 		-11.151 		0.01
v 3.8591 		-11.1629 		0.01
v -4.581 		-12.5786 		0.01
v -6.1594 		-12.6716 		0.01
v -8.3378 		-13.0859 		0.01
v -10.5 		-13.5727 		0.01
v -11.4962 		-13.9244 		0.01
v -12.473 		-14.3271 		0.01
v -13.6112 		-14.8843 		0.01
v -14.709 		-15.5006 		0.01
v -15.8551 		-16.4348 		0.01
v -16.8793 		-17.4704 		0.01
v -17.9334 		-19.5686 		0.01
v -18.8304 		-21.7454 		0.01
v -19.0592 		-22.9505 		0.01
v -19.1812 		-24.1762 		0.01
v -19.2361 		-28.5773 		0.01
v -14.8399 		-28.7235 		0.01
v -14.8187 		-24.6372 		0.01
v -5.5675 		-16.8208 		0.01
v -4.0327 		-16.7289 		0.01
v -2.4984 		-16.6322 		0.01
v 0.7799 		-15.9953 		0.01
v 4.0564 		-15.3539 		0.01
v 4.8441 		-15.3427 		0.01
v 5.6348 		-15.3539 		0.01
v 6.5881 		-15.2438 		0.01
v 14.9517 		-15.1444 		0.01
v 15.5322 		-16.1314 		0.01
v 22.0984 		-16.2341 		0.01
v 15.9821 		-17.3447 		0.01
v 16.919 		-18.6148 		0.01
v 17.8674 		-19.8803 		0.01
v 24.0714 		-21.7663 		0.01
v 29.7032 		-21.2617 		0.01
v 30.2754 		-21.5987 		0.01
v 33.9321 		-22.2369 		0.01
v 37.5974 		-22.6464 		0.01
v 39.5642 		-22.0709 		0.01
v 40.9677 		-21.945 		0.01
v 40.4692 		-22.5836 		0.01
v 40.0946 		-23.922 		0.01
v 39.8115 		-25.2868 		0.01
v 39.7457 		-26.449 		0.01
v 44.1269 		-26.6385 		0.01
v 44.1521 		-25.8945 		0.01
v 44.1521 		-27.3824 		0.01
v 39.7677 		-27.6129 		0.01
v 40.1536 		-30.2813 		0.01
v 40.6884 		-32.9146 		0.01
v 41.6012 		-34.7621 		0.01
v 41.2437 		-36.7712 		0.01
v 39.8773 		-36.6656 		0.01
v 37.7803 		-36.6275 		0.01
v 35.6901 		-36.6656 		0.01
v 34.2636 		-36.9825 		0.01
v 30.1538 		-35.0245 		0.01
v 30.2534 		-32.1183 		0.01
v 29.9967 		-31.1847 		0.01
v 29.6396 		-30.2742 		0.01
v 28.84 		-28.7591 		0.01
v 27.9735 		-27.2776 		0.01
v 26.6668 		-25.5335 		0.01
v 24.6106 		-22.768 		0.01
v 19.7812 		-23.0055 		0.01
v 21.7038 		-26.125 		0.01
v 24.3947 		-39.0837 		0.01
v 22.7341 		-39.6204 		0.01
v 20.8098 		-41.0344 		0.01
v 18.9635 		-42.5541 		0.01
v 17.6169 		-43.9096 		0.01
v 16.3328 		-45.3202 		0.01
v 15.6368 		-46.2879 		0.01
v 14.9956 		-47.2901 		0.01
v 14.644 		-48.2306 		0.01
v 2.629 		-49.6391 		0.01
v 1.075 		-49.0294 		0.01
v 0.2727 		-48.851 		0.01
v -7.1037 		-42.5557 		0.01
v -7.1897 		-42.3236 		0.01
v -9.7986 		-39.4447 		0.01
v -14.8187 		-32.8098 		0.01
v -19.2031 		-32.9775 		0.01
v -19.0825 		-34.1531 		0.01
v -18.8085 		-35.2826 		0.01
v -17.389 		-37.2372 		0.01
v -15.849 		-39.1384 		0.01
v -14.6997 		-40.4894 		0.01
v -13.5252 		-41.8207 		0.01
v -12.2904 		-43.096 		0.01
v -11.07 		-44.3773 		0.01
v -10.9622 		-44.651 		0.01
v -10.8507 		-44.9221 		0.01
v -8.457 		-47.3242 		0.01
v -6.0059 		-49.679 		0.01
v -4.3539 		-51.0739 		0.01
v -2.6299 		-52.3613 		0.01
v -1.5521 		-52.6949 		0.01
v -0.4377 		-52.969 		0.01
v 1.181 		-53.6025 		0.01
v 2.8068 		-54.2054 		0.01
v 4.092 		-54.4254 		0.01
v 5.3936 		-54.5616 		0.01
v 8.1067 		-54.6331 		0.01
v 10.8084 		-54.5826 		0.01
v 13.7679 		-53.6815 		0.01
v 18.0266 		-54.2557 		0.01
v 18.1524 		-52.005 		0.01
v 19.2809 		-51.2797 		0.01
v 20.6296 		-50.6639 		0.01
v 22.322 		-49.5648 		0.01
v 23.9618 		-48.4007 		0.01
v 26.1638 		-46.4038 		0.01
v 28.2585 		-44.3144 		0.01
v 28.8647 		-43.099 		0.01
v 31.4529 		-41.6735 		0.01
v 33.4979 		-41.4854 		0.01
v 34.7575 		-41.157 		0.01
v 37.7915 		-40.8192 		0.01
v 39.5704 		-40.8567 		0.01
v 41.1539 		-40.8533 		0.01
v 42.5915 		-43.3268 		0.01
v 42.4641 		-45.7813 		0.01
v 46.7536 		-43.9861 		0.01
v 46.8486 		-44.7754 		0.01
v 42.5037 		-46.0838 		0.01
v 42.5956 		-46.368 		0.01
v 44.5304 		-48.8757 		0.01
v 44.174 		-48.9246 		0.01
v 43.7093 		-49.1134 		0.01
v 43.2752 		-49.3437 		0.01
v 42.8873 		-49.7924 		0.01
v 42.5737 		-50.2867 		0.01
v 42.5012 		-50.7313 		0.01
v 42.4866 		-51.2787 		0.01
v 42.4723 		-51.3313 		0.01
v 42.4641 		-51.3764 		0.01
v 42.5696 		-52.1089 		0.01
v 42.8368 		-52.8013 		0.01
v 43.9519 		-53.7918 		0.01
v 45.1825 		-54.6454 		0.01
v 45.9307 		-54.7394 		0.01
v 46.6951 		-54.6873 		0.01
v 47.2342 		-54.3996 		0.01
v 47.7035 		-54.0168 		0.01
v 48.002 		-53.3438 		0.01
v 48.1858 		-52.6337 		0.01
v 48.1561 		-52.4061 		0.01
v 48.0705 		-52.0947 		0.01
v 48.2297 		-61.5607 		0.01
v 46.6593 		-63.7082 		0.01
v 45.0948 		-65.8566 		0.01
v 44.8735 		-66.4216 		0.01
v 44.6563 		-66.9882 		0.01
v 42.4876 		-69.0592 		0.01
v 41.653 		-69.2933 		0.01
v 39.8971 		-70.056 		0.01
v 21.1406 		-65.851 		0.01
v 21.4246 		-65.5059 		0.01
v 21.5942 		-65.2279 		0.01
v 21.6722 		-64.5023 		0.01
v 21.6161 		-63.782 		0.01
v 21.1877 		-63.1886 		0.01
v 20.6515 		-62.6714 		0.01
v 20.0635 		-62.4673 		0.01
v 19.4458 		-62.378 		0.01
v 19.3811 		-62.3875 		0.01
v 19.3036 		-62.403 		0.01
v 18.1977 		-58.2277 		0.01
v 18.1524 		-56.6362 		0.01
v 13.8733 		-55.0741 		0.01
v 13.7679 		-56.7619 		0.01
v 13.8205 		-58.553 		0.01
v 13.9871 		-60.3244 		0.01
v 14.7321 		-62.5612 		0.01
v 15.7632 		-65.21 		0.01
v 15.4371 		-65.6848 		0.01
v 15.2586 		-66.0662 		0.01
v 14.6096 		-71.0285 		0.01
v 14.2283 		-76.0829 		0.01
v 14.1815 		-77.677 		0.01
v 14.2064 		-79.2681 		0.01
v 14.3119 		-79.8521 		0.01
v 14.5352 		-80.3787 		0.01
v 17.2137 		-82.4291 		0.01
v 20.0158 		-84.3603 		0.01
v 22.0806 		-85.3848 		0.01
v 24.2029 		-86.3091 		0.01
v 26.2073 		-87.0249 		0.01
v 28.2366 		-87.6712 		0.01
v 29.6213 		-87.9624 		0.01
v 31.0207 		-88.1742 		0.01
v 33.2222 		-88.229 		0.01
v 35.4271 		-88.2161 		0.01
v 36.6735 		-88.1434 		0.01
v 37.9043 		-87.9856 		0.01
v 40.5586 		-87.1066 		0.01
v 43.1875 		-86.1415 		0.01
v 44.9533 		-85.3908 		0.01
v 46.6951 		-84.5908 		0.01
v 49.131 		-83.2756 		0.01
v 51.5618 		-81.9504 		0.01
v 54.5893 		-80.5086 		0.01
v 57.5466 		-78.9747 		0.01
v 60.1068 		-76.8161 		0.01
v 62.5668 		-74.5322 		0.01
v 63.0323 		-74.0062 		0.01
v 63.4437 		-73.4425 		0.01
v 63.448 		-73.4345 		0.01
v 63.4525 		-73.4264 		0.01
v 65.4112 		-73.4283 		0.01
v 66.8416 		-73.3796 		0.01
v 68.2462 		-73.0003 		0.01
v 69.6038 		-72.4576 		0.01
v 72.0023 		-71.0207 		0.01
v 74.3829 		-69.5448 		0.01
v 75.8386 		-68.7871 		0.01
v 77.2985 		-68.036 		0.01
v 78.8231 		-67.163 		0.01
v 80.3238 		-66.2547 		0.01
v 82.6957 		-64.6307 		0.01
v 84.9932 		-62.9228 		0.01
v 86.9135 		-60.9264 		0.01
v 88.7858 		-58.8784 		0.01
v 89.4707 		-58.2436 		0.01
v 90.145 		-57.6001 		0.01
v 91.8272 		-55.5977 		0.01
v 93.4552 		-53.5557 		0.01
v 94.3483 		-52.1679 		0.01
v 95.1871 		-50.7477 		0.01
v 95.3328 		-50.4634 		0.01
v 95.5165 		-50.0777 		0.01
v 95.5511 		-56.1294 		0.01
v 95.5795 		-60.6345 		0.01
v 95.5818 		-69.5302 		0.01
v 95.5817 		-78.2331 		0.01
v 95.5827 		-78.321 		0.01
v 95.5817 		-78.4089 		0.01
v 95.2454 		-82.4005 		0.01
v 94.924 		-86.3929 		0.01
v 94.2261 		-90.1496 		0.01
v 93.5867 		-90.605 		0.01
v 93.2091 		-92.0001 		0.01
v 82.5599 		-93.0358 		0.01
v 81.5309 		-92.8205 		0.01
v 80.4992 		-92.6377 		0.01
v 76.5864 		-92.5586 		0.01
v 72.6729 		-92.5958 		0.01
v 68.94 		-92.9782 		0.01
v 65.2194 		-93.4759 		0.01
v 47.9227 		-94.3351 		0.01
v 46.2146 		-93.9154 		0.01
v 44.5029 		-93.5178 		0.01
v 42.2462 		-93.2697 		0.01
v 39.9869 		-93.0358 		0.01
v 39.2198 		-92.8455 		0.01
v 38.4524 		-92.6586 		0.01
v 33.2129 		-92.1766 		0.01
v 29.3994 		-91.4317 		0.01
v 25.584 		-90.7098 		0.01
v 22.8595 		-90.5353 		0.01
v 20.1254 		-90.4583 		0.01
v 13.2406 		-90.4417 		0.01
v 5.007 		-90.4548 		0.01
v 5.2466 		-90.185 		0.01
v 5.3936 		-89.9763 		0.01
v 5.5226 		-89.348 		0.01
v 5.5471 		-88.698 		0.01
v 5.3999 		-88.2825 		0.01
v 5.1744 		-87.9017 		0.01
v 4.577 		-87.4419 		0.01
v 3.9248 		-87.0845 		0.01
v 3.1649 		-87.1038 		0.01
v 2.4122 		-87.2521 		0.01
v 1.9274 		-87.6101 		0.01
v 1.5134 		-88.0484 		0.01
v 1.3123 		-88.6023 		0.01
v 1.2065 		-89.18 		0.01
v 1.3415 		-89.754 		0.01
v 1.5792 		-90.2907 		0.01
v 1.6634 		-90.3783 		0.01
v 1.7854 		-90.4856 		0.01
v -0.2906 		-90.6909 		0.01
v -2.1695 		-90.8984 		0.01
v -8.8539 		-91.3299 		0.01
v -13.4376 		-91.3175 		0.01
v -14.3584 		-91.4212 		0.01
v -22.3599 		-91.3803 		0.01
v -23.7568 		-90.7209 		0.01
v -25.166 		-90.1021 		0.01
v -26.9473 		-89.8659 		0.01
v -28.7393 		-89.662 		0.01
v -29.3889 		-89.4021 		0.01
v -30.0327 		-89.1172 		0.01
v -31.2074 		-88.7864 		0.01
v -35.2123 		-86.3136 		0.01
v -35.2063 		-85.911 		0.01
v -35.76 		-83.7804 		0.01
v -36.4121 		-81.678 		0.01
v -38.1711 		-78.0769 		0.01
v -42.5646 		-67.1927 		0.01
v -45.1283 		-59.8849 		0.01
v -45.1552 		-59.8114 		0.01
v -50.6834 		-31.0496 		0.01
v -50.6762 		-29.6541 		0.01
v -50.6834 		-28.2625 		0.01
v -51.0018 		-26.9411 		0.01
v -51.3411 		-25.6221 		0.01
v -39.3393 		-41.2532 		0.01
v -39.2804 		-41.3391 		0.01
v -39.2181 		-41.4225 		0.01
v -37.783 		-42.9524 		0.01
v -36.3244 		-44.4611 		0.01
v -29.5285 		-51.4392 		0.01
v -29.0939 		-52.3842 		0.01
v -28.6516 		-53.3252 		0.01
v -27.2762 		-55.6317 		0.01
v -25.8017 		-57.8726 		0.01
v -23.6576 		-60.1052 		0.01
v -21.483 		-62.3151 		0.01
v -20.9768 		-63.1435 		0.01
v -20.4965 		-63.9916 		0.01
v -19.3845 		-65.4774 		0.01
v -18.2824 		-66.9672 		0.01
v -18.0223 		-67.558 		0.01
v -17.7562 		-68.1407 		0.01
v -17.3256 		-68.5783 		0.01
v -16.8355 		-68.9371 		0.01
v -16.0821 		-69.0752 		0.01
v -15.3229 		-69.0837 		0.01
v -14.6619 		-68.7199 		0.01
v -14.0733 		-68.2455 		0.01
v -13.8269 		-67.709 		0.01
v -13.7006 		-67.1349 		0.01
v -13.932 		-66.1574 		0.01
v -14.2925 		-65.207 		0.01
v -15.5207 		-63.4696 		0.01
v -16.7917 		-61.7493 		0.01
v -17.2708 		-60.8795 		0.01
v -17.7782 		-60.031 		0.01
v -20.0074 		-57.7218 		0.01
v -22.2503 		-55.4208 		0.01
v -24.3768 		-51.8165 		0.01
v -25.5386 		-49.6999 		0.01
v -26.2336 		-48.4877 		0.01
v -27.0074 		-47.332 		0.01
v -30.083 		-44.411 		0.01
v -41.8133 		-30.4337 		0.01
v -47.9287 		-21.8143 		0.01
v -47.9922 		-21.7283 		0.01
v -48.0528 		-21.6406 		0.01
v -49.8927 		-18.2774 		0.01
v -51.8015 		-14.9767 		0.01
v -52.4042 		-14.5202 		0.01
v -53.0949 		-14.2014 		0.01
v -53.8507 		-14.2366 		0.01
v -54.5856 		-14.4109 		0.01
v -55.152 		-14.9047 		0.01
v -55.594 		-15.5006 		0.01
v -55.8344 		-17.064 		0.01
v -55.9448 		-18.6649 		0.01
v -55.847 		-20.2463 		0.01
v -55.7255 		-21.8292 		0.01
v -55.7465 		-23.9803 		0.01
v -55.7255 		-26.125 		0.01
v -55.4031 		-27.425 		0.01
v -55.0679 		-28.7235 		0.01
v -55.0604 		-29.9894 		0.01
v -55.0679 		-31.2591 		0.01
v -54.5226 		-36.5102 		0.01
v -53.9279 		-41.7578 		0.01
v -53.6221 		-44.1523 		0.01
v -53.2483 		-46.5357 		0.01
v -52.0353 		-51.4781 		0.01
v -50.7492 		-56.4057 		0.01
v -50.0825 		-58.6965 		0.01
v -49.3681 		-60.974 		0.01
v -46.7009 		-68.4776 		0.01
v -44.0074 		-75.9733 		0.01
v -43.9816 		-76.0495 		0.01
v -43.9533 		-76.1248 		0.01
v -39.5766 		-86.8832 		0.01
v -39.5908 		-87.5664 		0.01
v -39.5471 		-87.8671 		0.01
v -39.4592 		-88.1532 		0.01
v -38.5286 		-89.4847 		0.01
v -37.4862 		-90.7098 		0.01
v -35.8233 		-91.5682 		0.01
v -34.0664 		-92.3024 		0.01
v -32.8643 		-92.667 		0.01
v -31.6549 		-93.0149 		0.01
v -30.9238 		-93.3318 		0.01
v -30.1861 		-93.6226 		0.01
v -25.1958 		-94.7116 		0.01
v -24.026 		-95.2781 		0.01
v -22.9181 		-95.5325 		0.01
v -21.7899 		-95.6972 		0.01
v -18.5033 		-95.7429 		0.01
v -15.2133 		-95.7181 		0.01
v -14.183 		-95.6129 		0.01
v -13.1526 		-95.5086 		0.01
v -8.5689 		-95.522 		0.01
v -3.9891 		-95.5086 		0.01
v -2.8259 		-95.3063 		0.01
v -1.6653 		-95.0685 		0.01
v 10.9158 		-94.6236 		0.01
v 19.6637 		-94.6494 		0.01
v 19.752 		-94.6489 		0.01
v 28.7415 		-95.5818 		0.01
v 32.5553 		-96.3258 		0.01
v 35.0754 		-96.5547 		0.01
v 38.3868 		-96.9628 		0.01
v 39.1758 		-97.1641 		0.01
v 41.4238 		-97.3992 		0.01
v 45.3485 		-98.0345 		0.01
v 47.0239 		-98.4423 		0.01
v 48.4557 		-98.7076 		0.01
v 49.8957 		-98.9034 		0.01
v 54.7559 		-99 		0.01
v 59.6073 		-98.9243 		0.01
v 62.7889 		-98.3032 		0.01
v 80.8731 		-96.97 		0.01
v 81.8803 		-97.185 		0.01
v 82.9854 		-97.3207 		0.01
v 84.0944 		-97.4155 		0.01
v 88.1394 		-97.4573 		0.01
v 92.1837 		-97.4365 		0.01
v 93.5439 		-97.3246 		0.01
v 94.8802 		-97.1221 		0.01
v 95.4192 		-96.8334 		0.01
v 95.8886 		-96.4516 		0.01
v 96.4155 		-95.4685 		0.01
v 96.8751 		-94.4398 		0.01
v 97.0464 		-93.7982 		0.01
v 97.6878 		-92.8462 		0.01
v 98.1685 		-92.5329 		0.01
v 98.493 		-92.2457 		0.01
v 98.7604 		-91.9252 		0.01
v 99.0673 		-90.671 		0.01
v 99.2865 		-89.3896 		0.01
v 99.3057 		-87.9765 		0.01
v 99.3084 		-86.5606 		0.01
v 99.6595 		-82.5694 		0.01
v 99.9661 		-78.5766 		0.01
v 100 		-69.7919 		0.01
v 99.9661 		-61.0048 		0.01
v 99.9663 		-60.916 		0.01
v 99.9661 		-60.8273 		0.01
v 99.8997 		-54.9752 		0.01
v 99.8138 		-47.4269 		0.01
v 96.1576 		-45.5078 		0.01
v 95.9287 		-44.5577 		0.01
v 95.907 		-44.5852 		0.01
v 93.2154 		-47.0609 		0.01
v 91.6624 		-48.1 		0.01
v 91.5136 		-48.4026 		0.01
v 81.9124 		-59.9206 		0.01
v 81.7086 		-60.0844 		0.01
v 81.4868 		-60.4559 		0.01
v 80.8628 		-60.9215 		0.01
v 80.2753 		-61.1406 		0.01
v 78.988 		-62.0378 		0.01
v 74.6413 		-64.649 		0.01
v 73.8554 		-65.0473 		0.01
v 72.2053 		-66.5779 		0.01
v 69.4174 		-68.1448 		0.01
v 68.4532 		-68.2778 		0.01
v 68.146 		-68.4602 		0.01
v 67.6357 		-68.7216 		0.01
v 67.2752 		-68.8644 		0.01
v 66.9828 		-69.3321 		0.01
v 61.5887 		-69.743 		0.01
v 59.1035 		-69.39 		0.01
v 58.5949 		-69.6934 		0.01
v 53.3375 		-48.4845 		0.01
v 69.8888 		-49.6161 		0.01
v 78.0877 		-42.7218 		0.01
v 54.4337 		53.9877 		0.01
v 39.2635 		95.8986 		0.01
v -24.8569 		69.9002 		0.01
v -63.6808 		23.641 		0.01
v -88.0389 		6.4397 		0.01
v -82.8829 		-14.1893 		0.01
v -88.1047 		-27.8853 		0.01
v -77.7188 		-52.2034 		0.01
v -75.8721 		-58.6898 		0.01
v -71.2245 		-70.7602 		0.01
v -80.0282 		-81.3461 		0.01
v -82.4233 		-93.2532 		0.01
v -86.5043 		-77.1516 		0.01
v -92.623 		-48.0266 		0.01
v -61.2938 		18.2796 		0.01
v -59.0139 		24.9224 		0.01
v -61.6884 		56.3766 		0.01
v -42.5722 		63.9415 		0.01
v -32.806 		51.9123 		0.01
v -42.616 		41.3725 		0.01
v -39.9415 		44.4529 		0.01
v -34.4391 		47.2819 		0.01
v -30.9753 		48.1411 		0.01
v -21.0884 		36.4689 		0.01
v -20.8692 		38.6064 		0.01
v -16.3532 		49.2727 		0.01
v -21.0449 		30.0814 		0.01
v -19.51 		53.5476 		0.01
v -40.665 		20.0817 		0.01
v -42.246 		26.4348 		0.01
v -20.8692 		71.8627 		0.01
v -14.2048 		91.7913 		0.01
v 52.2195 		59.2894 		0.01
v 13.7358 		64.1466 		0.01
v 22.6026 		70.7939 		0.01
v 37.707 		45.4378 		0.01
v 32.2703 		44.3482 		0.01
v 13.7397 		55.5353 		0.01
v 39.0223 		41.2258 		0.01
v 55.4202 		20.1656 		0.01
v 44.7873 		37.237 		0.01
v 40.5569 		36.1546 		0.01
v 21.2501 		31.8397 		0.01
v 25.7813 		35.7355 		0.01
v 31.8976 		35.4421 		0.01
v 35.6682 		34.4781 		0.01
v 43.2095 		29.9098 		0.01
v 81.2445 		-27.8853 		0.01
v 51.9345 		-41.695 		0.01
v 47.4624 		-34.6539 		0.01
v 19.6802 		8.2708 		0.01
v 18.3154 		18.8822 		0.01
v 13.0664 		11.8672 		0.01
v 0.4291 		-11.8248 		0.01
v -3.0026 		-12.483 		0.01
v -14.7561 		-23.782 		0.01
v 29.1354 		-20.9281 		0.01
v 41.2803 		-21.4939 		0.01
v 44.4402 		-29.2847 		0.01
v 42.5737 		-36.8542 		0.01
v 32.8403 		-37.3362 		0.01
v 30.2534 		-37.6506 		0.01
v 25.3429 		-23.799 		0.01
v 22.9447 		-27.7483 		0.01
v 25.8032 		-38.4259 		0.01
v 4.1879 		-50.2238 		0.01
v -7.0143 		-42.7846 		0.01
v -14.7851 		-33.2243 		0.01
v 12.4082 		-54.0277 		0.01
v 29.53 		-42.0093 		0.01
v 36.019 		-40.8567 		0.01
v 42.4641 		-41.1082 		0.01
v 47.7824 		-45.8631 		0.01
v 43.7259 		-47.6117 		0.01
v 43.2752 		-68.7694 		0.01
v 95.5807 		-60.7309 		0.01
v 95.5817 		-60.8273 		0.01
v 94.9214 		-88.0669 		0.01
v 94.8144 		-89.683 		0.01
v 62.2403 		-94.1381 		0.01
v 35.8316 		-92.4271 		0.01
v -3.2207 		-91.1236 		0.01
v -4.2741 		-91.3175 		0.01
v -35.2063 		-86.7073 		0.01
v -39.9196 		-74.4693 		0.01
v -45.3877 		-32.7251 		0.01
v -33.4584 		-47.0656 		0.01
v -23.2149 		-53.9329 		0.01
v -33.2114 		-41.5273 		0.01
v -42.2193 		-79.6157 		0.01
v -39.5908 		-86.2043 		0.01
v -28.2741 		-93.8821 		0.01
v -26.3717 		-94.1674 		0.01
v 24.9263 		-94.859 		0.01
v 37.5974 		-96.7659 		0.01
v 43.6698 		-97.646 		0.01
v 79.8634 		-96.7868 		0.01
v 97.2478 		-93.1825 		0.01
v 95.8886 		-44.6078 		0.01
v 94.354 		-46.2632 		0.01
v 82.0776 		-59.7795 		0.01
v 81.2884 		-60.7016 		0.01
v 75.2159 		-64.3478 		0.01
v 70.1519 		-68.036 		0.01
v 67.8939 		-68.6018 		0.01
v 63.641 		-69.9848 		0.01
v 84.4346 		-32.4908 		0.01
v 56.6288 		54.2337 		0.01
v 4.0783 		95.3328 		0.01
v 1.2282 		95.316 		0.01
v -62.5214 		22.3659 		0.01
v -81.0457 		-14.4319 		0.01
v -96.9832 		-41.3597 		0.01
v -86.3728 		-72.7411 		0.01
v -73.3729 		-81.3636 		0.01
v -84.6848 		-76.5439 		0.01
v -93.5852 		-47.793 		0.01
v -89.6968 		-32.2389 		0.01
v -89.5955 		-1.6647 		0.01
v -55.6598 		59.8761 		0.01
v -36.4997 		64.3606 		0.01
v -23.8945 		53.5476 		0.01
v -26.3498 		49.1889 		0.01
v -12.9114 		46.9568 		0.01
v -20.9569 		29.6165 		0.01
v -19.9923 		62.8518 		0.01
v -41.7611 		24.5033 		0.01
v -16.3626 		65.4712 		0.01
v -20.7913 		69.6773 		0.01
v 35.0176 		92.9589 		0.01
v 32.1826 		71.6531 		0.01
v 44.8536 		51.0958 		0.01
v 29.4204 		43.8243 		0.01
v 13.8775 		53.8619 		0.01
v 33.7126 		40.4173 		0.01
v 51.8249 		23.3927 		0.01
v 47.2737 		32.0988 		0.01
v 45.314 		35.599 		0.01
v 18.2703 		26.8137 		0.01
v 21.6599 		32.7179 		0.01
v 40.9734 		31.5444 		0.01
v 46.1909 		23.4975 		0.01
v 77.4631 		-37.399 		0.01
v 47.572 		-36.477 		0.01
v 49.3011 		-15.492 		0.01
v 21.6345 		-5.6667 		0.01
v 18.5908 		14.6124 		0.01
v 11.4176 		-9.0455 		0.01
v -14.6214 		-22.9398 		0.01
v 7.542 		-15.1444 		0.01
v 24.5347 		-21.3893 		0.01
v 44.7879 		-30.9867 		0.01
v 42.5956 		-36.5818 		0.01
v 24.181 		-29.3731 		0.01
v -0.5034 		-48.6312 		0.01
v -12.4072 		-36.5609 		0.01
v -14.6871 		-33.6189 		0.01
v 46.8486 		-43.3923 		0.01
v 48.8216 		-46.871 		0.01
v 44.7659 		-48.7989 		0.01
v 38.1235 		-70.7392 		0.01
v 18.3497 		-59.8005 		0.01
v 92.6879 		-93.1616 		0.01
v 83.5665 		-93.1611 		0.01
v 59.2565 		-94.7332 		0.01
v 49.1357 		-94.5652 		0.01
v -15.279 		-91.527 		0.01
v -32.3784 		-88.4466 		0.01
v -50.1495 		-36.1959 		0.01
v -30.0417 		-50.541 		0.01
v 0.2499 		-94.8247 		0.01
v 98.8392 		-47.6113 		0.01
v 96.3489 		-46.2004 		0.01
v 91.3945 		-48.6312 		0.01
v 84.5414 		-57.3051 		0.01
v 78.022 		-62.6923 		0.01
v 76.6302 		-63.5367 		0.01
v 66.732 		-69.6495 		0.01
v 75.8904 		-44.1579 		0.01
v 84.0067 		-34.3186 		0.01
v 50.8901 		18.8703 		0.01
v -24.859 		68.5517 		0.01
v -86.5693 		-27.5554 		0.01
v -97.0678 		-42.5277 		0.01
v -76.7353 		-55.4387 		0.01
v -69.2515 		-93.2454 		0.01
v -81.5379 		-75.8914 		0.01
v -70.9848 		-61.2288 		0.01
v -92.5987 		-34.612 		0.01
v -89.9242 		-8.3129 		0.01
v -77.5858 		13.0304 		0.01
v -63.9932 		17.9969 		0.01
v -60.3716 		26.1187 		0.01
v -42.4792 		42.1693 		0.01
v -24.1842 		44.2825 		0.01
v -19.51 		49.3565 		0.01
v -20.8043 		29.4053 		0.01
v -18.1163 		53.4157 		0.01
v -20.3431 		67.7135 		0.01
v -21.3076 		79.0923 		0.01
v 20.8926 		93.7192 		0.01
v 33.6952 		93.3211 		0.01
v 14.031 		66.6029 		0.01
v 45.4466 		51.4525 		0.01
v 38.0797 		41.2258 		0.01
v 38.555 		41.2567 		0.01
v 46.8705 		32.5083 		0.01
v 46.0524 		34.0343 		0.01
v 47.2639 		-35.2049 		0.01
v 52.2607 		-18.7124 		0.01
v 46.7609 		-16.9675 		0.01
v 13.1073 		17.766 		0.01
v 12.1895 		-10.9533 		0.01
v 25.1894 		-21.0957 		0.01
v 44.2667 		-25.1361 		0.01
v 31.4153 		-37.6497 		0.01
v -13.5818 		-35.108 		0.01
v 18.7231 		-60.9189 		0.01
v 84.5767 		-93.2454 		0.01
v -51.3411 		-24.4905 		0.01
v -22.7553 		-54.6923 		0.01
v -40.0157 		-84.6521 		0.01
v 2.1711 		-94.6494 		0.01
v 65.9647 		-97.6041 		0.01
v 98.0589 		-47.6882 		0.01
v 95.1503 		-45.4635 		0.01
v 90.6834 		-49.85 		0.01
v 64.574 		-70.0255 		0.01
v 52.0441 		-49.9095 		0.01
v 69.3846 		-50.6848 		0.01
v 50.663 		19.013 		0.01
v -79.7161 		-14.9098 		0.01
v -85.0575 		-27.1519 		0.01
v -77.6478 		-52.2146 		0.01
v -90.6257 		-32.4326 		0.01
v -66.6866 		17.6509 		0.01
v -61.6226 		27.4161 		0.01
v -42.1995 		42.9022 		0.01
v -23.8945 		46.318 		0.01
v -40.4402 		19.4316 		0.01
v 45.0917 		90.3723 		0.01
v 44.5467 		43.468 		0.01
v 18.4374 		27.2904 		0.01
v 66.5609 		-46.7092 		0.01
v 49.9834 		-23.4008 		0.01
v 51.9784 		-18.9583 		0.01
v -14.0346 		-21.4614 		0.01
v 25.9593 		-20.9828 		0.01
v 44.459 		-24.4042 		0.01
v 44.9976 		-30.7032 		0.01
v 14.2064 		-49.0713 		0.01
v 48.9591 		-46.8381 		0.01
v -30.6246 		-49.6912 		0.01
v -40.5334 		-83.1239 		0.01
v 76.3125 		-96.7325 		0.01
v 96.6184 		-46.7077 		0.01
v 89.9257 		-51.0411 		0.01
v 70.4927 		-67.9427 		0.01
v 65.5044 		-70.0058 		0.01
v 69.5814 		-50.13 		0.01
v -78.437 		-15.5006 		0.01
v -69.1202 		-93.2093 		0.01
v -91.3349 		-32.6368 		0.01
v -41.1236 		43.7231 		0.01
v -23.7704 		47.9423 		0.01
v -20.6061 		29.2393 		0.01
v 14.9937 		67.5123 		0.01
v 45.9936 		51.8712 		0.01
v 15.6313 		48.0992 		0.01
v 18.8005 		28.0445 		0.01
v 50.0894 		-22.9343 		0.01
v 22.1203 		-8.8158 		0.01
v -13.3499 		-20.027 		0.01
v 26.7459 		-20.9281 		0.01
v 45.062 		-23.5476 		0.01
v 45.2044 		-30.2114 		0.01
v 25.1254 		-30.9046 		0.01
v 88.7386 		-93.3579 		0.01
v 50.3561 		-94.7332 		0.01
v -34.4615 		-40.2965 		0.01
v -35.6448 		-39.0127 		0.01
v 69.3569 		-97.1433 		0.01
v 72.7606 		-96.7868 		0.01
v 97.4886 		-47.4792 		0.01
v 96.9628 		-47.1643 		0.01
v 70.8095 		-67.8055 		0.01
v 66.1402 		-69.8701 		0.01
v -69.0323 		-93.1406 		0.01
v -92.0287 		-32.8727 		0.01
v -23.8945 		49.3565 		0.01
v -20.0346 		29.1532 		0.01
v -40.1608 		18.8035 		0.01
v 16.1794 		68.2793 		0.01
v 51.1057 		24.1775 		0.01
v 51.0845 		-20.701 		0.01
v -12.8486 		-19.484 		0.01
v 27.9497 		-20.8883 		0.01
v 45.599 		-23.0446 		0.01
v 42.613 		-36.7359 		0.01
v 25.869 		-32.4955 		0.01
v 49.0627 		-46.7452 		0.01
v 22.3877 		-94.7196 		0.01
v 56.6486 		-74.2628 		0.01
v -69.4546 		-91.4872 		0.01
v -21.0021 		37.5399 		0.01
v -19.4442 		29.1135 		0.01
v -39.3046 		17.5569 		0.01
v 17.9334 		69.1241 		0.01
v 17.9805 		45.6799 		0.01
v 50.2465 		-22.4788 		0.01
v 22.7711 		-10.3691 		0.01
v -12.2757 		-19.0002 		0.01
v 26.0658 		-35.5387 		0.01
v -4.9863 		-44.7548 		0.01
v 48.1407 		-52.0873 		0.01
v 21.4461 		-66.2562 		0.01
v 88.4532 		-52.9168 		0.01
v -18.0559 		29.0636 		0.01
v -38.3851 		16.3517 		0.01
v 19.7308 		69.8929 		0.01
v 20.6296 		43.6985 		0.01
v 22.9382 		33.9451 		0.01
v -11.4562 		-18.5408 		0.01
v -2.9149 		-46.6911 		0.01
v 48.1858 		-52.1098 		0.01
v 21.6818 		-66.5481 		0.01
v -18.3043 		-91.5484 		0.01
v 19.8404 		-94.6494 		0.01
v 86.9224 		-54.7502 		0.01
v -16.682 		29.1135 		0.01
v -37.3489 		15.3106 		0.01
v 21.158 		70.3738 		0.01
v 24.1667 		43.5209 		0.01
v 24.3125 		35.0858 		0.01
v 23.611 		-11.8334 		0.01
v -10.6096 		-18.1201 		0.01
v -1.7342 		-47.7002 		0.01
v 49.0701 		-53.9868 		0.01
v 22.6948 		-67.6072 		0.01
v -21.3296 		-91.527 		0.01
v -51.4031 		-24.9112 		0.01
v 55.2886 		-75.3704 		0.01
v -72.2483 		-83.2576 		0.01
v -25.0221 		49.3985 		0.01
v -14.0784 		29.8951 		0.01
v -36.2586 		14.319 		0.01
v 27.842 		43.6985 		0.01
v 25.0323 		35.4472 		0.01
v 47.1555 		-35.7646 		0.01
v 25.0613 		-13.2391 		0.01
v -9.9591 		-17.8395 		0.01
v 49.8519 		-56.0494 		0.01
v 23.7864 		-68.5808 		0.01
v 50.065 		-78.1728 		0.01
v -72.7372 		-82.0552 		0.01
v -18.037 		49.4978 		0.01
v -11.5303 		30.8319 		0.01
v -34.2089 		12.7042 		0.01
v 28.6333 		43.7432 		0.01
v 26.6363 		-14.5367 		0.01
v -9.2943 		-17.5962 		0.01
v 25.5817 		-69.5643 		0.01
v 44.744 		-80.8397 		0.01
v -73.0151 		-81.6515 		0.01
v -32.0934 		11.1757 		0.01
v 28.4513 		-15.7591 		0.01
v 5.0258 		-50.3385 		0.01
v 27.4474 		-70.4249 		0.01
v -49.5654 		-41.3387 		0.01
v -10.65 		31.4617 		0.01
v -28.3841 		9.0927 		0.01
v 36.4925 		71.7163 		0.01
v 30.363 		-16.737 		0.01
v -7.4377 		-17.1776 		0.01
v 5.8759 		-50.3915 		0.01
v -49.2808 		-43.6179 		0.01
v -9.8204 		32.1703 		0.01
v -24.596 		7.1732 		0.01
v 40.798 		71.6531 		0.01
v -48.9296 		-45.886 		0.01
v -24.5302 		64.3606 		0.01
v -9.579 		32.3979 		0.01
v 41.9154 		71.4384 		0.01
v 8.1319 		-50.4525 		0.01
v -9.4039 		32.655 		0.01
v -23.3214 		6.9388 		0.01
v 43.0122 		71.1292 		0.01
v 42.1681 		30.798 		0.01
v 10.37 		-50.3915 		0.01
v -47.7477 		-50.6184 		0.01
v -9.3306 		35.7263 		0.01
v -22.0092 		6.8379 		0.01
v 43.9277 		70.7735 		0.01
v 46.6849 		52.6802 		0.01
v 11.3296 		-15.0088 		0.01
v 12.3535 		-49.8397 		0.01
v -46.4963 		-55.337 		0.01
v -9.3381 		38.8159 		0.01
v -19.7081 		6.8126 		0.01
v 44.7221 		70.291 		0.01
v 47.3309 		53.5266 		0.01
v -45.8479 		-57.5397 		0.01
v -71.4846 		-70.9045 		0.01
v -9.4145 		39.7609 		0.01
v -17.4055 		6.8379 		0.01
v 47.6236 		54.0065 		0.01
v -45.1809 		-59.7376 		0.01
v -9.5354 		40.7019 		0.01
v -16.183 		6.8992 		0.01
v 45.7381 		68.0914 		0.01
v 47.8351 		54.5116 		0.01
v 22.3107 		-16.8948 		0.01
v -9.8395 		42.54 		0.01
v -14.9721 		7.0265 		0.01
v 46.6074 		65.7856 		0.01
v 47.6539 		46.1053 		0.01
v 22.6817 		-16.671 		0.01
v 22.6903 		-17.6381 		0.01
v -10.3027 		44.3062 		0.01
v -13.6722 		7.4186 		0.01
v 47.0357 		64.2853 		0.01
v 50.9699 		48.5602 		0.01
v 57.1413 		18.8381 		0.01
v 33.558 		-16.854 		0.01
v -12.4072 		7.9066 		0.01
v 47.3966 		62.768 		0.01
v 47.8859 		56.9996 		0.01
v 58.9277 		17.588 		0.01
v 23.2822 		-17.2818 		0.01
v 23.0268 		-17.5159 		0.01
v -11.5206 		45.6859 		0.01
v 47.6501 		61.1373 		0.01
v 47.8351 		59.4989 		0.01
v 60.6556 		16.5995 		0.01
v 36.8082 		-16.737 		0.01
v -34.9573 		-87.0991 		0.01
v -9.9412 		9.2939 		0.01
v 52.5866 		49.1921 		0.01
v 37.902 		-16.6072 		0.01
v -34.6364 		-87.4407 		0.01
v -7.5186 		10.7566 		0.01
v 38.9785 		-16.4017 		0.01
v -6.0734 		11.7689 		0.01
v 52.7499 		60.1441 		0.01
v 39.5278 		-16.135 		0.01
v -33.5282 		-87.9745 		0.01
v -4.6687 		12.8311 		0.01
v 53.2718 		61.4478 		0.01
v 40.0527 		-15.815 		0.01
v 45.4365 		-28.7402 		0.01
v -92.7083 		-48.0235 		0.01
v -3.7001 		13.7014 		0.01
v 53.7525 		64.6623 		0.01
v 42.3739 		-14.3142 		0.01
v 45.6768 		-24.9871 		0.01
v 45.599 		-27.2566 		0.01
v -93.2107 		-47.9484 		0.01
v -2.8053 		14.6333 		0.01
v 54.1048 		67.9021 		0.01
v 44.459 		-12.6507 		0.01
v 47.6851 		-44.1731 		0.01
v -1.317 		16.8509 		0.01
v 54.2802 		49.6708 		0.01
v 45.4063 		-10.0363 		0.01
v -21.8505 		-91.4789 		0.01
v -0.0212 		19.1597 		0.01
v 54.1569 		69.8206 		0.01
v 46.0374 		-7.2604 		0.01
v 47.328 		-36.1295 		0.01
v 46.2042 		-4.8494 		0.01
v -92.4865 		-33.8707 		0.01
v 0.9728 		22.7512 		0.01
v 46.2786 		-2.4244 		0.01
v -92.3137 		-33.1451 		0.01
v 1.6669 		26.4103 		0.01
v 52.7034 		-42.4684 		0.01
v 54.8106 		-94.8125 		0.01
v -92.1896 		-32.9936 		0.01
v 1.6591 		31.3508 		0.01
v 53.5129 		-43.2037 		0.01
v 1.4257 		36.3013 		0.01
v 55.6322 		-44.8773 		0.01
v -83.7816 		-26.55 		0.01
v 1.1436 		39.2005 		0.01
v 47.1619 		-16.3222 		0.01
v 57.8097 		-46.4728 		0.01
v 0.5927 		42.028 		0.01
v 47.9227 		-15.4168 		0.01
v 59.9688 		-47.6527 		0.01
v -82.5583 		-25.8526 		0.01
v 48.7026 		-14.7888 		0.01
v 62.1941 		-48.6731 		0.01
v -1.7192 		46.1233 		0.01
v 49.545 		-14.2433 		0.01
v 48.5585 		-45.2155 		0.01
v -80.0287 		-23.9093 		0.01
v -4.296 		50.1109 		0.01
v 48.8594 		-45.9732 		0.01
v -77.5601 		-21.892 		0.01
v -5.6644 		51.7891 		0.01
v -76.6586 		-21.0429 		0.01
v -7.124 		53.4009 		0.01
v -75.9159 		-20.1182 		0.01
v -9.5608 		55.7872 		0.01
v -75.7639 		-18.7785 		0.01
v -12.0565 		58.1159 		0.01
v -75.9159 		-17.4704 		0.01
v -13.3227 		59.0931 		0.01
v -14.6433 		60.0019 		0.01
v -77.073 		-16.4202 		0.01
v -17.4726 		61.6779 		0.01
v 43.1209 		-81.5834 		0.01
v 41.4776 		-82.2857 		0.01
v -90.7738 		-7.9238 		0.01
v -30.2779 		64.6414 		0.01
v 39.3511 		-83.0984 		0.01
v -91.5684 		-7.4537 		0.01
v 37.2028 		-83.8364 		0.01
v -91.7838 		-7.1393 		0.01
v 36.1248 		-83.9673 		0.01
v -91.9191 		-6.7832 		0.01
v -44.4662 		63.7842 		0.01
v 35.0325 		-84.025 		0.01
v -91.9515 		-5.6183 		0.01
v -46.3428 		63.5434 		0.01
v 33.2993 		-84.0513 		0.01
v -91.7876 		-4.499 		0.01
v 31.5688 		-84.025 		0.01
v 30.5439 		-83.8673 		0.01
v 29.53 		-83.6478 		0.01
v -76.2886 		14.4447 		0.01
v 27.756 		-83.0874 		0.01
v 26.0005 		-82.4743 		0.01
v -74.6595 		15.3108 		0.01
v 24.2247 		-81.728 		0.01
v -72.9345 		16.0373 		0.01
v 22.493 		-80.9026 		0.01
v -70.743 		16.6866 		0.01
v 20.4477 		-79.5834 		0.01
v -68.5281 		17.2737 		0.01
v 18.5908 		-78.1365 		0.01
v -67.6108 		17.4781 		0.01
v -63.0834 		29.6689 		0.01
v -64.4506 		31.9844 		0.01
v 28.7595 		-70.7417 		0.01
v -65.194 		33.438 		0.01
v 30.1 		-70.9488 		0.01
v -65.8755 		34.9182 		0.01
v 32.2132 		-70.981 		0.01
v -66.5222 		36.7838 		0.01
v 34.331 		-70.9488 		0.01
v -67.1032 		38.6692 		0.01
v 36.2388 		-70.8983 		0.01
v -67.3392 		39.8164 		0.01
v -67.4978 		40.9743 		0.01
v -67.5977 		45.0527 		0.01
v -67.4978 		49.105 		0.01
v 44.007 		-67.9208 		0.01
v -66.8627 		50.8367 		0.01
v -66.0071 		52.4998 		0.01
v -65.0402 		53.7022 		0.01
v 48.7742 		-60.624 		0.01
v -63.9683 		54.8259 		0.01
v 49.2381 		-59.6538 		0.01
v 49.578 		-58.1436 		0.01
v -62.8547 		55.632 		0.01
v 49.8519 		-56.6152 		0.01
v 49.8737 		-56.3303 		0.01
v -52.6639 		61.1469 		0.01
v -49.6312 		62.3489 		0.01
v -47.9978 		62.9847 		0.01
v 52.5949 		-49.0798 		0.01
v 62.978 		-48.7372 		0.01
v -21.3472 		82.7187 		0.01
v -21.3076 		86.3429 		0.01
v -21.1857 		87.0202 		0.01
v 81.2874 		-24.8411 		0.01
v -21.0007 		87.684 		0.01
v 81.2445 		-21.7873 		0.01
v 81.2056 		-20.6228 		0.01
v -20.8199 		88.0175 		0.01
v 81.0692 		-19.4822 		0.01
v -20.5842 		88.3127 		0.01
v -18.2224 		89.8719 		0.01
v 80.5103 		-18.454 		0.01
v -15.8052 		91.3512 		0.01
v 79.8415 		-17.4704 		0.01
v -15.0216 		91.6316 		0.01
v 78.8153 		-16.1936 		0.01
v 77.6712 		-15.0606 		0.01
v 75.4641 		-14.2369 		0.01
v 25.662 		93.7433 		0.01
v 73.1552 		-13.5937 		0.01
v 30.4288 		93.7192 		0.01
v 70.5007 		-13.134 		0.01
v 67.8281 		-12.7555 		0.01
v 32.0676 		93.5604 		0.01
v 66.4708 		-12.6382 		0.01
v 65.1098 		-12.5669 		0.01
v 59.6461 		-12.4693 		0.01
v 47.6816 		89.5072 		0.01
v 54.2144 		-12.5669 		0.01
v 51.8483 		-13.2928 		0.01
v 51.5399 		82.2775 		0.01
v 52.4534 		79.2115 		0.01
v 53.2718 		76.1166 		0.01
v 53.7338 		73.9328 		0.01
v 54.1048 		71.7369 		0.01
v 62.4572 		15.8278 		0.01
v 66.1992 		15.6902 		0.01
v 69.9765 		15.8278 		0.01
v 74.8824 		16.4683 		0.01
v 56.977 		50.2295 		0.01
v 79.6223 		17.3994 		0.01
v 59.695 		50.6557 		0.01
v 63.7654 		50.7509 		0.01
v 80.1248 		18.2324 		0.01
v 67.8281 		50.6557 		0.01
v 80.4334 		19.2645 		0.01
v 69.4509 		50.2335 		0.01
v 80.9027 		21.1091 		0.01
v 71.0507 		49.6918 		0.01
v 81.2445 		22.9736 		0.01
v 72.1594 		49.3131 		0.01
v 81.3018 		28.4494 		0.01
v 73.1991 		48.8326 		0.01
v 81.2445 		33.9333 		0.01
v 81.1891 		35.2018 		0.01
v 75.2426 		46.8437 		0.01
v 77.1232 		44.7044 		0.01
v 81.0472 		36.4562 		0.01
v 78.548 		42.1453 		0.01
v 80.4909 		37.9949 		0.01
v 79.8415 		39.5074 		0.01
# 3728 vertices

g group_0_8768998

usemtl color_8768998
s 0

f 1 	2 	3
f 4 	5 	1
f 6 	7 	4
f 8 	9 	10
f 11 	12 	13
f 14 	15 	11
f 16 	17 	14
f 18 	19 	16
f 20 	21 	18
f 22 	23 	20
f 24 	25 	22
f 26 	27 	24
f 28 	29 	26
f 30 	31 	28
f 32 	33 	34
f 35 	36 	32
f 37 	38 	35
f 39 	40 	37
f 41 	42 	39
f 43 	44 	41
f 45 	46 	47
f 48 	49 	45
f 50 	51 	48
f 52 	53 	50
f 54 	55 	52
f 56 	57 	54
f 58 	59 	56
f 60 	61 	62
f 63 	64 	65
f 66 	67 	68
f 69 	70 	66
f 71 	72 	69
f 73 	74 	75
f 76 	77 	73
f 78 	79 	76
f 80 	81 	78
f 82 	83 	80
f 84 	85 	82
f 86 	87 	84
f 88 	89 	86
f 90 	91 	88
f 92 	93 	90
f 94 	95 	92
f 96 	97 	94
f 98 	99 	100
f 101 	102 	98
f 103 	104 	101
f 105 	106 	107
f 108 	109 	105
f 110 	111 	108
f 112 	113 	110
f 114 	115 	112
f 116 	117 	114
f 118 	119 	116
f 120 	121 	118
f 122 	123 	120
f 124 	125 	122
f 126 	127 	124
f 128 	129 	126
f 130 	131 	128
f 132 	133 	130
f 134 	135 	132
f 136 	137 	134
f 138 	139 	140
f 141 	142 	138
f 143 	144 	141
f 145 	146 	143
f 147 	148 	145
f 149 	150 	147
f 151 	152 	149
f 153 	154 	151
f 155 	156 	153
f 157 	158 	159
f 160 	161 	157
f 162 	163 	160
f 164 	165 	162
f 166 	167 	164
f 168 	169 	170
f 171 	172 	168
f 173 	174 	171
f 175 	176 	173
f 177 	178 	175
f 179 	180 	177
f 181 	182 	179
f 183 	184 	181
f 185 	186 	187
f 188 	189 	190
f 191 	192 	188
f 193 	194 	191
f 195 	196 	193
f 197 	198 	195
f 199 	200 	197
f 201 	202 	199
f 203 	204 	201
f 205 	206 	203
f 207 	208 	205
f 209 	210 	207
f 211 	212 	209
f 213 	214 	211
f 215 	216 	213
f 217 	218 	219
f 220 	221 	217
f 222 	223 	220
f 224 	225 	222
f 226 	227 	224
f 228 	229 	230
f 231 	232 	228
f 233 	234 	231
f 235 	236 	233
f 237 	238 	235
f 239 	240 	237
f 241 	242 	243
f 244 	245 	246
f 247 	248 	244
f 249 	250 	247
f 251 	252 	249
f 253 	254 	251
f 255 	256 	257
f 258 	259 	255
f 260 	261 	258
f 262 	263 	260
f 264 	265 	262
f 266 	267 	268
f 269 	270 	266
f 271 	272 	273
f 274 	275 	271
f 276 	277 	278
f 279 	280 	276
f 281 	282 	279
f 283 	284 	281
f 285 	286 	283
f 287 	288 	285
f 289 	290 	287
f 291 	292 	289
f 293 	294 	295
f 296 	297 	293
f 298 	299 	300
f 301 	302 	298
f 303 	304 	301
f 305 	306 	303
f 307 	308 	305
f 309 	310 	307
f 311 	312 	309
f 313 	314 	311
f 315 	316 	313
f 317 	318 	315
f 319 	320 	317
f 321 	322 	319
f 323 	324 	321
f 325 	326 	327
f 328 	329 	325
f 330 	331 	328
f 332 	333 	330
f 334 	335 	336
f 337 	338 	339
f 340 	341 	337
f 342 	343 	340
f 344 	345 	342
f 346 	347 	344
f 348 	349 	350
f 351 	352 	348
f 353 	354 	351
f 355 	356 	353
f 357 	358 	355
f 359 	360 	361
f 362 	363 	359
f 364 	365 	366
f 367 	368 	364
f 369 	370 	367
f 371 	372 	369
f 373 	374 	371
f 375 	376 	373
f 377 	378 	375
f 379 	380 	377
f 381 	382 	379
f 383 	384 	381
f 385 	386 	383
f 387 	388 	385
f 389 	390 	391
f 392 	393 	394
f 395 	396 	392
f 397 	398 	399
f 400 	401 	397
f 402 	403 	400
f 404 	405 	402
f 406 	407 	404
f 408 	409 	406
f 410 	411 	412
f 413 	414 	415
f 416 	417 	418
f 419 	420 	421
f 422 	423 	419
f 424 	425 	426
f 427 	428 	429
f 430 	431 	427
f 432 	433 	430
f 434 	435 	432
f 436 	437 	434
f 438 	439 	436
f 440 	441 	438
f 442 	443 	444
f 445 	446 	447
f 448 	449 	450
f 451 	452 	453
f 454 	455 	451
f 456 	457 	454
f 458 	459 	460
f 461 	462 	458
f 463 	464 	465
f 457 	456 	466
f 467 	468 	457
f 469 	470 	467
f 471 	472 	469
f 473 	474 	471
f 475 	476 	473
f 477 	478 	475
f 479 	480 	481
f 482 	483 	479
f 484 	485 	482
f 486 	487 	484
f 488 	489 	486
f 490 	491 	488
f 492 	493 	490
f 494 	495 	492
f 496 	497 	494
f 498 	499 	496
f 500 	501 	498
f 502 	503 	504
f 505 	506 	507
f 441 	440 	508
f 509 	510 	441
f 511 	512 	509
f 513 	514 	515
f 516 	517 	513
f 518 	519 	516
f 520 	521 	518
f 522 	523 	520
f 524 	525 	522
f 526 	527 	524
f 528 	529 	526
f 530 	531 	528
f 532 	533 	530
f 534 	535 	532
f 536 	537 	534
f 538 	539 	536
f 540 	541 	538
f 542 	543 	540
f 544 	545 	542
f 546 	547 	544
f 548 	549 	546
f 550 	551 	548
f 552 	553 	550
f 554 	555 	552
f 556 	557 	554
f 558 	559 	560
f 561 	562 	563
f 564 	565 	561
f 566 	567 	564
f 568 	569 	570
f 571 	572 	568
f 573 	574 	575
f 576 	577 	578
f 579 	580 	576
f 581 	582 	579
f 583 	584 	581
f 585 	586 	583
f 587 	588 	585
f 589 	590 	587
f 591 	592 	589
f 593 	594 	591
f 595 	596 	593
f 597 	598 	595
f 599 	600 	597
f 601 	602 	599
f 603 	604 	601
f 605 	606 	607
f 608 	609 	610
f 611 	612 	608
f 613 	614 	615
f 616 	617 	618
f 619 	620 	621
f 601 	604 	622
f 623 	624 	601
f 625 	626 	623
f 627 	628 	625
f 629 	630 	627
f 631 	632 	633
f 634 	635 	636
f 637 	638 	634
f 639 	640 	641
f 642 	643 	644
f 645 	646 	642
f 635 	634 	647
f 648 	649 	650
f 651 	652 	653
f 654 	655 	656
f 632 	631 	657
f 658 	659 	632
f 660 	661 	658
f 662 	663 	660
f 664 	665 	666
f 667 	668 	664
f 669 	670 	671
f 672 	673 	674
f 675 	676 	677
f 678 	679 	680
f 681 	682 	683
f 684 	685 	686
f 687 	688 	689
f 690 	691 	687
f 692 	693 	694
f 695 	696 	692
f 697 	698 	699
f 700 	701 	697
f 702 	703 	704
f 705 	706 	702
f 707 	708 	709
f 710 	711 	712
f 713 	714 	710
f 715 	716 	713
f 717 	718 	719
f 720 	721 	717
f 722 	723 	720
f 724 	725 	722
f 726 	727 	724
f 728 	729 	726
f 730 	731 	732
f 664 	668 	733
f 734 	735 	736
f 737 	738 	734
f 739 	740 	737
f 741 	742 	739
f 743 	744 	741
f 745 	746 	747
f 748 	749 	745
f 750 	751 	752
f 753 	754 	755
f 756 	757 	758
f 759 	760 	756
f 761 	762 	759
f 763 	764 	761
f 765 	766 	763
f 767 	768 	765
f 769 	770 	767
f 771 	772 	769
f 773 	774 	775
f 776 	777 	773
f 778 	779 	780
f 781 	782 	783
f 784 	785 	782
f 786 	787 	784
f 788 	789 	790
f 791 	792 	788
f 793 	794 	795
f 796 	797 	793
f 798 	799 	796
f 796 	799 	800
f 801 	802 	796
f 803 	804 	801
f 805 	806 	807
f 808 	809 	805
f 810 	811 	812
f 813 	814 	810
f 815 	816 	813
f 787 	786 	817
f 818 	819 	787
f 820 	821 	822
f 823 	824 	820
f 825 	826 	823
f 827 	828 	825
f 829 	830 	831
f 832 	833 	834
f 769 	772 	835
f 836 	837 	769
f 838 	839 	836
f 840 	841 	838
f 842 	843 	840
f 844 	845 	846
f 847 	848 	844
f 849 	850 	847
f 851 	852 	849
f 853 	854 	851
f 855 	856 	853
f 857 	858 	855
f 859 	860 	861
f 862 	863 	864
f 865 	866 	862
f 867 	868 	865
f 869 	870 	871
f 872 	873 	874
f 875 	876 	877
f 876 	875 	878
f 879 	880 	876
f 881 	882 	883
f 884 	885 	881
f 886 	887 	884
f 888 	889 	890
f 891 	892 	888
f 893 	894 	891
f 895 	896 	893
f 897 	898 	895
f 899 	900 	897
f 901 	902 	899
f 903 	904 	905
f 906 	907 	903
f 908 	909 	910
f 911 	912 	913
f 914 	915 	911
f 916 	917 	914
f 918 	919 	916
f 920 	921 	918
f 860 	922 	923
f 924 	861 	860
f 925 	926 	924
f 927 	928 	925
f 929 	930 	931
f 932 	933 	929
f 934 	935 	932
f 936 	937 	934
f 938 	939 	936
f 940 	941 	938
f 942 	943 	940
f 944 	945 	942
f 946 	947 	944
f 948 	949 	946
f 950 	951 	948
f 952 	953 	950
f 954 	955 	952
f 956 	957 	954
f 958 	959 	956
f 960 	961 	958
f 962 	963 	960
f 964 	965 	962
f 966 	967 	964
f 968 	969 	966
f 970 	971 	972
f 973 	974 	970
f 975 	976 	973
f 977 	978 	979
f 980 	981 	977
f 982 	983 	980
f 984 	985 	982
f 986 	987 	984
f 988 	989 	990
f 991 	992 	993
f 994 	995 	996
f 997 	998 	999
f 1000 	1001 	997
f 1002 	1003 	1000
f 1004 	1005 	1006
f 1007 	1008 	1004
f 1009 	1010 	1007
f 1011 	1012 	1013
f 1014 	1015 	1011
f 1016 	1017 	1014
f 1018 	1019 	1016
f 1020 	1021 	1018
f 1022 	1023 	1020
f 1024 	1025 	1022
f 1026 	1027 	1024
f 1028 	1029 	1026
f 1030 	1031 	1028
f 1032 	1033 	1030
f 1034 	1035 	1032
f 1036 	1037 	1034
f 1038 	1039 	1040
f 1041 	1042 	1043
f 1044 	1045 	1041
f 1046 	1047 	1048
f 1049 	1050 	1051
f 1052 	1053 	1049
f 1054 	1055 	1056
f 1057 	1058 	1059
f 1060 	1061 	1057
f 1062 	1063 	1064
f 1065 	1066 	1062
f 1067 	1068 	1069
f 1070 	1071 	1067
f 1072 	1073 	1070
f 1074 	1075 	1076
f 1077 	1078 	1079
f 1080 	1081 	1077
f 1082 	1083 	1080
f 1084 	1085 	1082
f 1086 	1087 	1084
f 1088 	1089 	1086
f 1090 	1091 	1088
f 1092 	1093 	1090
f 1094 	1095 	1092
f 1096 	1097 	1098
f 1099 	1100 	1096
f 1101 	1102 	1103
f 1104 	1105 	1106
f 1107 	1108 	1104
f 1109 	1110 	1107
f 1111 	1112 	1109
f 1113 	1114 	1111
f 1115 	1116 	1113
f 1117 	1118 	1115
f 1119 	1120 	1117
f 1121 	1122 	1123
f 1124 	1125 	1121
f 1126 	1127 	1124
f 1128 	1129 	1126
f 1130 	1131 	1128
f 1132 	1133 	1134
f 1135 	1136 	1137
f 1138 	1139 	1135
f 1140 	1141 	1138
f 1142 	1143 	1140
f 1144 	1145 	1146
f 1147 	1148 	1149
f 1150 	1151 	1147
f 1152 	1153 	1150
f 1154 	1155 	1156
f 1157 	1158 	1154
f 1159 	1160 	1161
f 1162 	1163 	1164
f 1165 	1166 	1167
f 1168 	1169 	1170
f 1171 	1172 	1168
f 1173 	1174 	1171
f 1175 	1176 	1177
f 1178 	1179 	1175
f 1180 	1181 	1178
f 1182 	1183 	1180
f 1184 	1185 	1182
f 1186 	1187 	1184
f 1188 	1189 	1190
f 1191 	1192 	1188
f 1193 	1194 	1191
f 1195 	1196 	1197
f 1198 	1199 	1195
f 1200 	1201 	1198
f 1202 	1203 	1200
f 1204 	1205 	1206
f 1207 	1208 	1209
f 1210 	1211 	1212
f 1213 	1214 	1215
f 1216 	1217 	1218
f 1219 	1220 	1221
f 1222 	1223 	1224
f 1225 	1226 	1227
f 1 	3 	1225
f 6 	4 	1
f 14 	11 	13
f 18 	16 	14
f 22 	20 	18
f 26 	24 	22
f 30 	28 	26
f 32 	34 	30
f 37 	35 	32
f 41 	39 	37
f 45 	47 	1228
f 50 	48 	45
f 54 	52 	50
f 58 	56 	54
f 60 	62 	1229
f 66 	68 	1230
f 71 	69 	66
f 76 	73 	75
f 80 	78 	76
f 84 	82 	80
f 88 	86 	84
f 92 	90 	88
f 96 	94 	92
f 98 	100 	96
f 103 	101 	98
f 108 	105 	107
f 112 	110 	108
f 116 	114 	112
f 120 	118 	116
f 124 	122 	120
f 128 	126 	124
f 132 	130 	128
f 136 	134 	132
f 138 	140 	1231
f 143 	141 	138
f 147 	145 	143
f 151 	149 	147
f 155 	153 	151
f 157 	159 	1232
f 162 	160 	157
f 166 	164 	162
f 171 	168 	170
f 175 	173 	171
f 179 	177 	175
f 1233 	183 	181
f 190 	185 	187
f 191 	188 	190
f 195 	193 	191
f 201 	199 	197
f 205 	203 	201
f 209 	207 	205
f 213 	211 	209
f 1234 	215 	213
f 220 	217 	219
f 224 	222 	220
f 1235 	226 	224
f 228 	230 	1235
f 233 	231 	228
f 237 	235 	233
f 243 	239 	237
f 1236 	241 	243
f 244 	246 	1237
f 249 	247 	244
f 253 	251 	249
f 258 	255 	257
f 262 	260 	258
f 1238 	264 	262
f 266 	268 	1239
f 1240 	269 	266
f 274 	271 	273
f 279 	276 	278
f 283 	281 	279
f 287 	285 	283
f 1241 	291 	289
f 296 	293 	295
f 298 	300 	1242
f 303 	301 	298
f 307 	305 	303
f 311 	309 	307
f 315 	313 	311
f 319 	317 	315
f 323 	321 	319
f 325 	327 	323
f 330 	328 	325
f 1243 	332 	330
f 334 	336 	1243
f 340 	337 	339
f 344 	342 	340
f 351 	348 	350
f 355 	353 	351
f 1244 	357 	355
f 362 	359 	361
f 367 	364 	366
f 371 	369 	367
f 375 	373 	371
f 379 	377 	375
f 383 	381 	379
f 387 	385 	383
f 389 	391 	387
f 395 	392 	394
f 397 	399 	1245
f 402 	400 	397
f 406 	404 	402
f 1246 	408 	406
f 410 	412 	1247
f 413 	415 	1248
f 422 	419 	421
f 1249 	424 	426
f 430 	427 	429
f 434 	432 	430
f 438 	436 	434
f 1250 	440 	438
f 442 	444 	1251
f 445 	447 	1252
f 448 	450 	1253
f 454 	451 	453
f 1254 	456 	454
f 458 	460 	1255
f 463 	465 	1256
f 457 	466 	1257
f 469 	467 	457
f 473 	471 	469
f 477 	475 	473
f 482 	479 	481
f 486 	484 	482
f 490 	488 	486
f 494 	492 	490
f 500 	498 	496
f 502 	504 	1258
f 505 	507 	1259
f 441 	508 	1260
f 511 	509 	441
f 516 	513 	515
f 520 	518 	516
f 524 	522 	520
f 528 	526 	524
f 532 	530 	528
f 536 	534 	532
f 540 	538 	536
f 544 	542 	540
f 548 	546 	544
f 552 	550 	548
f 556 	554 	552
f 558 	560 	1261
f 561 	563 	1262
f 566 	564 	561
f 571 	568 	570
f 576 	578 	1263
f 581 	579 	576
f 585 	583 	581
f 589 	587 	585
f 593 	591 	589
f 597 	595 	593
f 601 	599 	597
f 1264 	603 	601
f 605 	607 	1265
f 611 	608 	610
f 613 	615 	1266
f 616 	618 	1267
f 601 	622 	1268
f 625 	623 	601
f 629 	627 	625
f 631 	633 	629
f 634 	636 	1269
f 639 	641 	1270
f 645 	642 	644
f 635 	647 	1271
f 648 	650 	635
f 651 	653 	1272
f 657 	654 	656
f 658 	632 	657
f 662 	660 	658
f 667 	664 	666
f 1273 	669 	671
f 672 	674 	1274
f 675 	677 	1275
f 678 	680 	1276
f 681 	683 	1277
f 687 	689 	1278
f 694 	690 	687
f 695 	692 	694
f 700 	697 	699
f 705 	702 	704
f 707 	709 	1279
f 710 	712 	1280
f 715 	713 	710
f 720 	717 	719
f 724 	722 	720
f 728 	726 	724
f 1281 	730 	732
f 664 	733 	1282
f 734 	736 	1283
f 739 	737 	734
f 743 	741 	739
f 748 	745 	747
f 755 	750 	752
f 1284 	753 	755
f 756 	758 	1285
f 761 	759 	756
f 765 	763 	761
f 769 	767 	765
f 1286 	771 	769
f 776 	773 	775
f 778 	780 	776
f 786 	784 	782
f 788 	790 	1287
f 1288 	791 	788
f 793 	795 	1288
f 798 	796 	793
f 796 	800 	1289
f 803 	801 	796
f 805 	807 	1290
f 1291 	808 	805
f 810 	812 	1292
f 815 	813 	810
f 787 	817 	1293
f 1294 	818 	787
f 820 	822 	1295
f 825 	823 	820
f 829 	831 	1296
f 832 	834 	1297
f 769 	835 	1298
f 838 	836 	769
f 842 	840 	838
f 847 	844 	846
f 851 	849 	847
f 855 	853 	851
f 1299 	857 	855
f 859 	861 	1299
f 865 	862 	864
f 1300 	867 	865
f 1301 	869 	871
f 875 	877 	1302
f 876 	878 	1303
f 1304 	879 	876
f 884 	881 	883
f 890 	886 	884
f 891 	888 	890
f 895 	893 	891
f 899 	897 	895
f 906 	903 	905
f 908 	910 	1305
f 914 	911 	913
f 918 	916 	914
f 924 	860 	923
f 927 	925 	924
f 932 	929 	931
f 936 	934 	932
f 940 	938 	936
f 944 	942 	940
f 948 	946 	944
f 952 	950 	948
f 958 	956 	954
f 962 	960 	958
f 966 	964 	962
f 970 	972 	968
f 975 	973 	970
f 980 	977 	979
f 984 	982 	980
f 1306 	986 	984
f 988 	990 	1307
f 1308 	991 	993
f 994 	996 	1309
f 1000 	997 	999
f 1310 	1002 	1000
f 1007 	1004 	1006
f 1311 	1009 	1007
f 1014 	1011 	1013
f 1020 	1018 	1016
f 1024 	1022 	1020
f 1028 	1026 	1024
f 1032 	1030 	1028
f 1312 	1036 	1034
f 1038 	1040 	1313
f 1044 	1041 	1043
f 1046 	1048 	1044
f 1049 	1051 	1314
f 1315 	1052 	1049
f 1060 	1057 	1059
f 1062 	1064 	1316
f 1317 	1065 	1062
f 1070 	1067 	1069
f 1074 	1076 	1072
f 1080 	1077 	1079
f 1084 	1082 	1080
f 1088 	1086 	1084
f 1094 	1092 	1090
f 1096 	1098 	1318
f 1319 	1099 	1096
f 1107 	1104 	1106
f 1111 	1109 	1107
f 1115 	1113 	1111
f 1119 	1117 	1115
f 1121 	1123 	1119
f 1126 	1124 	1121
f 1130 	1128 	1126
f 1320 	1132 	1134
f 1135 	1137 	1321
f 1140 	1138 	1135
f 1146 	1142 	1140
f 1322 	1144 	1146
f 1147 	1149 	1323
f 1152 	1150 	1147
f 1157 	1154 	1156
f 1162 	1164 	1324
f 1165 	1167 	1325
f 1168 	1170 	1326
f 1173 	1171 	1168
f 1175 	1177 	1327
f 1180 	1178 	1175
f 1184 	1182 	1180
f 1328 	1186 	1184
f 1191 	1188 	1190
f 1197 	1193 	1191
f 1198 	1195 	1197
f 1202 	1200 	1198
f 1329 	1204 	1206
f 1207 	1209 	1330
f 1210 	1212 	1331
f 1213 	1215 	1332
f 1216 	1218 	1333
f 1219 	1221 	1334
f 1222 	1224 	1335
f 1225 	1227 	1336
f 6 	1 	1225
f 18 	14 	13
f 26 	22 	18
f 37 	32 	30
f 43 	41 	37
f 50 	45 	1228
f 58 	54 	50
f 65 	60 	1229
f 71 	66 	1230
f 76 	75 	1337
f 84 	80 	76
f 92 	88 	84
f 103 	98 	96
f 112 	108 	107
f 124 	120 	116
f 132 	128 	124
f 1338 	136 	132
f 143 	138 	1231
f 151 	147 	143
f 1232 	155 	151
f 162 	157 	1232
f 1339 	166 	162
f 171 	170 	1340
f 179 	175 	171
f 191 	190 	187
f 197 	195 	191
f 205 	201 	197
f 213 	209 	205
f 1341 	1234 	213
f 220 	219 	1341
f 1235 	224 	220
f 233 	228 	1235
f 243 	237 	233
f 1342 	1236 	243
f 249 	244 	1237
f 1343 	253 	249
f 262 	258 	257
f 1240 	266 	1239
f 1344 	274 	273
f 283 	279 	278
f 289 	287 	283
f 1345 	1241 	289
f 303 	298 	1242
f 311 	307 	303
f 319 	315 	311
f 330 	325 	323
f 1346 	334 	1243
f 344 	340 	339
f 355 	351 	350
f 362 	361 	1347
f 367 	366 	1348
f 375 	371 	367
f 383 	379 	375
f 389 	387 	383
f 395 	394 	1349
f 402 	397 	1245
f 1246 	406 	402
f 1350 	410 	1247
f 1351 	413 	1248
f 422 	421 	1352
f 429 	1249 	426
f 434 	430 	429
f 1250 	438 	434
f 1252 	442 	1251
f 1253 	445 	1252
f 1353 	448 	1253
f 1254 	454 	453
f 461 	458 	1255
f 1354 	463 	1256
f 457 	1257 	1355
f 473 	469 	457
f 481 	477 	473
f 486 	482 	481
f 494 	490 	486
f 500 	496 	494
f 1356 	502 	1258
f 1357 	505 	1259
f 441 	1260 	1357
f 515 	511 	441
f 520 	516 	515
f 528 	524 	520
f 536 	532 	528
f 544 	540 	536
f 552 	548 	544
f 1358 	556 	552
f 558 	1261 	1359
f 566 	561 	1262
f 571 	570 	1360
f 581 	576 	1263
f 589 	585 	581
f 597 	593 	589
f 1264 	601 	597
f 1361 	605 	1265
f 611 	610 	1362
f 1267 	613 	1266
f 1363 	616 	1267
f 601 	1268 	1364
f 629 	625 	601
f 1365 	631 	629
f 637 	634 	1269
f 1366 	639 	1270
f 1367 	645 	644
f 635 	1271 	1368
f 1272 	648 	635
f 656 	651 	1272
f 658 	657 	656
f 666 	662 	658
f 1369 	667 	666
f 1370 	1273 	671
f 1275 	672 	1274
f 1276 	675 	1275
f 1371 	678 	1276
f 1372 	681 	1277
f 694 	687 	1278
f 1373 	695 	694
f 700 	699 	1373
f 1374 	707 	1279
f 715 	710 	1280
f 724 	720 	719
f 1375 	728 	724
f 1281 	732 	1376
f 664 	1282 	1377
f 739 	734 	1283
f 747 	743 	739
f 1378 	748 	747
f 1284 	755 	752
f 761 	756 	1285
f 769 	765 	761
f 1379 	1286 	769
f 1380 	778 	776
f 1381 	786 	782
f 1288 	788 	1287
f 798 	793 	1288
f 796 	1289 	1382
f 1383 	803 	796
f 1291 	805 	1290
f 815 	810 	1292
f 787 	1293 	815
f 1384 	1294 	787
f 825 	820 	1295
f 1385 	829 	1296
f 1386 	832 	1297
f 769 	1298 	1387
f 842 	838 	769
f 847 	846 	842
f 855 	851 	847
f 859 	1299 	855
f 865 	864 	859
f 1301 	871 	1300
f 1388 	875 	1302
f 876 	1303 	1389
f 1390 	1304 	876
f 884 	883 	1390
f 891 	890 	884
f 899 	895 	891
f 1391 	908 	1305
f 918 	914 	913
f 924 	923 	1392
f 931 	927 	924
f 936 	932 	931
f 944 	940 	936
f 952 	948 	944
f 958 	954 	952
f 968 	966 	962
f 975 	970 	968
f 980 	979 	975
f 1307 	1306 	984
f 1309 	1308 	993
f 1393 	994 	1309
f 1000 	999 	1394
f 1395 	1310 	1000
f 1007 	1006 	1396
f 1013 	1311 	1007
f 1016 	1014 	1013
f 1024 	1020 	1016
f 1032 	1028 	1024
f 1313 	1312 	1034
f 1397 	1038 	1313
f 1398 	1046 	1044
f 1315 	1049 	1314
f 1060 	1059 	1399
f 1317 	1062 	1316
f 1070 	1069 	1400
f 1079 	1074 	1072
f 1084 	1080 	1079
f 1090 	1088 	1084
f 1319 	1096 	1318
f 1111 	1107 	1106
f 1119 	1115 	1111
f 1126 	1121 	1119
f 1134 	1130 	1126
f 1140 	1135 	1321
f 1322 	1146 	1140
f 1152 	1147 	1323
f 1401 	1157 	1156
f 1325 	1162 	1324
f 1326 	1165 	1325
f 1173 	1168 	1326
f 1180 	1175 	1327
f 1328 	1184 	1180
f 1191 	1190 	1328
f 1198 	1197 	1191
f 1402 	1202 	1198
f 1329 	1206 	1403
f 1404 	1207 	1330
f 1210 	1331 	1405
f 1406 	1213 	1332
f 1216 	1333 	1407
f 1335 	1219 	1334
f 1408 	1222 	1335
f 6 	1225 	1336
f 30 	26 	18
f 43 	37 	30
f 58 	50 	1228
f 63 	65 	1229
f 71 	1230 	1409
f 76 	1337 	1410
f 96 	92 	84
f 112 	107 	1411
f 1231 	1338 	132
f 162 	1232 	151
f 191 	187 	1412
f 205 	197 	191
f 1341 	213 	205
f 233 	1235 	220
f 1342 	243 	233
f 249 	1237 	1413
f 1414 	1343 	249
f 262 	257 	1414
f 1240 	1239 	1415
f 278 	1344 	273
f 289 	283 	278
f 303 	1242 	1416
f 319 	311 	303
f 330 	323 	319
f 344 	339 	1417
f 355 	350 	1418
f 1419 	362 	1347
f 375 	367 	1348
f 1420 	389 	383
f 1421 	395 	1349
f 402 	1245 	1422
f 1423 	1246 	402
f 426 	422 	1352
f 434 	429 	426
f 1424 	1250 	434
f 1254 	453 	1425
f 1426 	461 	1255
f 457 	1355 	1427
f 486 	481 	473
f 1428 	500 	494
f 441 	1357 	1259
f 520 	515 	441
f 1429 	1358 	552
f 1430 	558 	1359
f 1431 	566 	1262
f 571 	1360 	1432
f 1433 	1264 	597
f 611 	1362 	1434
f 601 	1364 	619
f 1435 	1365 	629
f 637 	1269 	1436
f 1437 	1367 	644
f 635 	1368 	1438
f 658 	656 	1272
f 1369 	666 	658
f 700 	1373 	694
f 715 	1280 	1439
f 724 	719 	1440
f 1441 	1375 	724
f 1377 	1281 	1376
f 1442 	664 	1377
f 747 	739 	1283
f 1443 	1378 	747
f 1284 	752 	1443
f 761 	1285 	1284
f 1379 	769 	761
f 1444 	1381 	782
f 1445 	798 	1288
f 1383 	796 	1382
f 1446 	1291 	1290
f 787 	815 	1292
f 827 	825 	1295
f 769 	1387 	1447
f 847 	842 	769
f 859 	855 	847
f 1300 	865 	859
f 1390 	876 	1389
f 891 	884 	1390
f 901 	899 	891
f 920 	918 	913
f 924 	1392 	1448
f 958 	952 	944
f 975 	968 	962
f 984 	980 	975
f 1000 	1394 	1449
f 1013 	1007 	1396
f 1032 	1024 	1016
f 1317 	1316 	1450
f 1072 	1070 	1400
f 1084 	1079 	1072
f 1094 	1090 	1084
f 1319 	1318 	1451
f 1111 	1106 	1101
f 1126 	1119 	1111
f 1320 	1134 	1126
f 1140 	1321 	1452
f 1323 	1322 	1140
f 1156 	1152 	1323
f 1453 	1401 	1156
f 1326 	1325 	1324
f 1454 	1173 	1326
f 1328 	1180 	1327
f 1198 	1191 	1328
f 1455 	1402 	1198
f 1456 	1329 	1403
f 1457 	1404 	1330
f 1332 	1210 	1405
f 1216 	1407 	1406
f 1408 	1335 	1334
f 6 	1336 	1458
f 1459 	43 	30
f 1460 	58 	1228
f 71 	1409 	63
f 76 	1410 	71
f 112 	1411 	1461
f 1339 	162 	151
f 1462 	1342 	233
f 249 	1413 	1463
f 262 	1414 	249
f 1240 	1415 	1464
f 319 	303 	1416
f 344 	1417 	1346
f 355 	1418 	346
f 375 	1348 	1465
f 402 	1422 	1466
f 1467 	1423 	402
f 434 	426 	1352
f 1468 	1424 	434
f 1254 	1425 	1469
f 473 	457 	1427
f 1258 	1428 	494
f 441 	1259 	1470
f 1471 	571 	1432
f 1433 	597 	589
f 1266 	611 	1434
f 601 	619 	621
f 1436 	1435 	629
f 1472 	637 	1436
f 1438 	1437 	644
f 1272 	635 	1438
f 1473 	1369 	658
f 1474 	700 	694
f 1475 	715 	1439
f 724 	1440 	1476
f 1442 	1377 	1376
f 1443 	747 	1283
f 761 	1284 	1443
f 1477 	1379 	761
f 1478 	1444 	782
f 1479 	1445 	1288
f 1383 	1382 	1480
f 1384 	787 	1292
f 1481 	827 	1295
f 769 	1447 	1386
f 1390 	1389 	1482
f 901 	891 	1390
f 924 	1448 	920
f 962 	958 	944
f 1395 	1000 	1449
f 1016 	1013 	1396
f 1034 	1032 	1016
f 1483 	1317 	1450
f 1072 	1400 	1483
f 1094 	1084 	1072
f 1319 	1451 	1094
f 1111 	1101 	1103
f 1320 	1126 	1111
f 1140 	1452 	1484
f 1156 	1323 	1140
f 1454 	1326 	1324
f 1328 	1327 	1485
f 1455 	1198 	1328
f 1456 	1403 	1486
f 1487 	1457 	1330
f 1216 	1406 	1332
f 1408 	1334 	1488
f 6 	1458 	1489
f 1490 	1460 	1228
f 1340 	1339 	151
f 1491 	1462 	233
f 319 	1416 	1492
f 375 	1465 	1493
f 1494 	1468 	434
f 1254 	1469 	1495
f 473 	1427 	1496
f 520 	441 	1470
f 1497 	1433 	589
f 1266 	1434 	1498
f 601 	621 	1499
f 1472 	1436 	629
f 1272 	1438 	644
f 1500 	1473 	658
f 704 	1474 	694
f 1501 	1475 	1439
f 1441 	724 	1476
f 1442 	1376 	1502
f 1503 	1477 	761
f 1504 	1478 	782
f 1505 	1479 	1288
f 1383 	1480 	1506
f 1507 	1384 	1292
f 847 	769 	1386
f 901 	1390 	1482
f 924 	920 	913
f 975 	962 	944
f 1395 	1449 	1508
f 1016 	1396 	1509
f 1313 	1034 	1016
f 1094 	1072 	1483
f 1510 	1319 	1094
f 1111 	1103 	1511
f 1140 	1484 	1320
f 1453 	1156 	1140
f 1512 	1454 	1324
f 1328 	1485 	1513
f 1514 	1455 	1328
f 1456 	1486 	1515
f 1487 	1330 	1456
f 1516 	1216 	1332
f 1408 	1488 	1516
f 6 	1489 	1517
f 1229 	1490 	1228
f 319 	1492 	1518
f 375 	1493 	1519
f 1251 	1494 	434
f 1254 	1495 	1520
f 473 	1496 	1521
f 520 	1470 	1522
f 1523 	1497 	589
f 629 	601 	1499
f 1272 	644 	1524
f 671 	1500 	658
f 1441 	1476 	1525
f 1283 	1442 	1502
f 1526 	1503 	761
f 1527 	1504 	782
f 1528 	1505 	1288
f 1529 	1383 	1506
f 1530 	1507 	1292
f 847 	1386 	1297
f 901 	1482 	1531
f 931 	924 	913
f 1313 	1016 	1509
f 1094 	1483 	1450
f 1511 	1510 	1094
f 1161 	1453 	1140
f 1512 	1324 	1532
f 1328 	1513 	1512
f 1515 	1514 	1328
f 1487 	1456 	1515
f 1533 	6 	1517
f 319 	1518 	1534
f 1251 	434 	1352
f 1535 	1254 	1520
f 473 	1521 	1536
f 520 	1522 	1537
f 1538 	1523 	589
f 629 	1499 	1539
f 1370 	671 	658
f 1441 	1525 	1540
f 1283 	1502 	1541
f 1542 	1526 	761
f 1287 	1527 	782
f 1290 	1529 	1506
f 1543 	1530 	1292
f 847 	1297 	1544
f 1545 	901 	1531
f 931 	913 	1546
f 1397 	1313 	1509
f 1511 	1094 	1450
f 1159 	1161 	1140
f 1547 	1487 	1515
f 1533 	1517 	1408
f 319 	1534 	296
f 1252 	1251 	1352
f 1255 	1535 	1520
f 473 	1536 	1548
f 520 	1537 	1549
f 1550 	1538 	589
f 629 	1539 	1551
f 1552 	1370 	658
f 1441 	1540 	1501
f 1443 	1283 	1541
f 1553 	1542 	761
f 1295 	1543 	1292
f 847 	1544 	1554
f 1555 	1545 	1531
f 931 	1546 	1556
f 1557 	1397 	1509
f 1111 	1511 	1450
f 1558 	1159 	1140
f 1559 	1547 	1515
f 1533 	1408 	1516
f 319 	296 	295
f 1253 	1252 	1352
f 1426 	1255 	1520
f 473 	1548 	1560
f 520 	1549 	1561
f 1562 	1550 	589
f 629 	1551 	1563
f 1564 	1552 	658
f 1441 	1501 	1439
f 1443 	1541 	1565
f 1566 	1553 	761
f 1295 	1292 	1446
f 847 	1554 	1567
f 1568 	1555 	1531
f 931 	1556 	1569
f 1570 	1557 	1509
f 1111 	1450 	1571
f 1532 	1558 	1140
f 1405 	1559 	1515
f 1572 	1533 	1516
f 319 	295 	1573
f 1353 	1253 	1352
f 1426 	1520 	1574
f 473 	1560 	1575
f 520 	1561 	1576
f 1265 	1562 	589
f 629 	1563 	1577
f 1578 	1564 	658
f 1441 	1439 	1579
f 1443 	1565 	1580
f 1581 	1566 	761
f 1295 	1446 	1290
f 847 	1567 	1385
f 1582 	1568 	1531
f 931 	1569 	1583
f 1111 	1571 	1060
f 1512 	1532 	1140
f 1332 	1405 	1515
f 1584 	1572 	1516
f 319 	1573 	1585
f 1574 	1353 	1352
f 1586 	1426 	1574
f 473 	1575 	1587
f 520 	1576 	1588
f 1265 	589 	581
f 629 	1577 	1589
f 1274 	1578 	658
f 1443 	1580 	1590
f 1591 	1581 	761
f 847 	1385 	1296
f 931 	1583 	1592
f 1111 	1060 	1399
f 1593 	1584 	1516
f 319 	1585 	1594
f 1586 	1574 	1352
f 486 	473 	1587
f 520 	1588 	1595
f 1361 	1265 	581
f 1472 	629 	1589
f 1274 	658 	1272
f 1443 	1590 	1596
f 1591 	761 	1443
f 847 	1296 	1597
f 931 	1592 	1598
f 1111 	1399 	1599
f 330 	319 	1594
f 1586 	1352 	416
f 486 	1587 	1600
f 520 	1595 	1601
f 1602 	1361 	581
f 1472 	1589 	1363
f 1275 	1274 	1272
f 1443 	1596 	1603
f 1604 	1591 	1443
f 847 	1597 	1605
f 1111 	1599 	1606
f 330 	1594 	1345
f 1586 	416 	418
f 486 	1600 	1607
f 520 	1601 	1608
f 1609 	1602 	581
f 1472 	1363 	1267
f 1276 	1275 	1272
f 775 	1604 	1443
f 859 	847 	1605
f 1111 	1606 	1610
f 330 	1345 	289
f 1586 	418 	1611
f 486 	1607 	1612
f 528 	520 	1608
f 1613 	1609 	581
f 1472 	1267 	1266
f 1371 	1276 	1272
f 776 	775 	1443
f 859 	1605 	1614
f 1320 	1111 	1610
f 1243 	330 	289
f 486 	1612 	1615
f 528 	1608 	1616
f 1617 	1613 	581
f 1472 	1266 	1498
f 1618 	1371 	1272
f 1380 	776 	1443
f 859 	1614 	1619
f 1320 	1610 	1620
f 1243 	289 	278
f 486 	1615 	1621
f 528 	1616 	1622
f 1623 	1617 	581
f 1472 	1498 	1624
f 1618 	1272 	1524
f 1625 	1380 	1443
f 859 	1619 	1626
f 1320 	1620 	1627
f 1243 	278 	273
f 486 	1621 	1628
f 528 	1622 	1629
f 1630 	1623 	581
f 1472 	1624 	1631
f 1618 	1524 	1366
f 783 	1625 	1443
f 859 	1626 	1481
f 1320 	1627 	1632
f 1243 	273 	1633
f 486 	1628 	1634
f 528 	1629 	1635
f 1630 	581 	1263
f 1472 	1631 	1636
f 1618 	1366 	1270
f 783 	1443 	1603
f 859 	1481 	1295
f 1320 	1632 	1637
f 1346 	1243 	1633
f 486 	1634 	1638
f 528 	1635 	1639
f 1640 	1630 	1263
f 1472 	1636 	1641
f 1277 	1618 	1270
f 781 	783 	1603
f 782 	781 	1642
f 1300 	859 	1295
f 1320 	1637 	1054
f 344 	1346 	1633
f 486 	1638 	1643
f 528 	1639 	1644
f 1645 	1640 	1263
f 1646 	1472 	1641
f 1372 	1277 	1270
f 1647 	781 	1603
f 782 	1642 	1648
f 1300 	1295 	1290
f 1320 	1054 	1056
f 344 	1633 	1240
f 486 	1643 	1649
f 528 	1644 	1650
f 1651 	1645 	1263
f 1652 	1646 	1641
f 1372 	1270 	1653
f 1647 	1603 	1654
f 1287 	782 	1648
f 1301 	1300 	1290
f 1320 	1056 	1315
f 344 	1240 	1464
f 494 	486 	1649
f 528 	1650 	1655
f 1656 	1651 	1263
f 1652 	1641 	1657
f 1372 	1653 	1658
f 1659 	1647 	1654
f 1287 	1648 	1660
f 874 	1301 	1290
f 1320 	1315 	1314
f 346 	344 	1464
f 494 	1649 	1661
f 536 	528 	1655
f 1662 	1656 	1263
f 1652 	1657 	1663
f 1372 	1658 	1664
f 1441 	1654 	1665
f 1659 	1654 	1441
f 1287 	1660 	1659
f 872 	874 	1290
f 1320 	1314 	1666
f 355 	346 	1464
f 494 	1661 	1354
f 536 	1655 	1667
f 1663 	1662 	1263
f 1668 	1652 	1663
f 1441 	1665 	1669
f 1287 	1659 	1441
f 872 	1290 	1506
f 1320 	1666 	1670
f 355 	1464 	1238
f 494 	1354 	1256
f 536 	1667 	1671
f 1668 	1663 	1263
f 1441 	1669 	1672
f 1288 	1287 	1441
f 1302 	872 	1506
f 1140 	1320 	1670
f 355 	1238 	262
f 494 	1256 	1586
f 536 	1671 	1673
f 1668 	1263 	1674
f 1441 	1672 	1675
f 1528 	1288 	1441
f 1388 	1302 	1506
f 1140 	1670 	1676
f 1244 	355 	262
f 1258 	494 	1586
f 536 	1673 	1677
f 1668 	1674 	1678
f 1441 	1675 	1679
f 1528 	1441 	1579
f 1388 	1506 	1680
f 1140 	1676 	1398
f 1681 	1244 	262
f 1258 	1586 	1611
f 536 	1677 	1682
f 1668 	1678 	1683
f 1441 	1679 	1684
f 1685 	1528 	1579
f 1388 	1680 	1686
f 1140 	1398 	1044
f 1687 	1681 	262
f 1356 	1258 	1611
f 536 	1682 	1688
f 1668 	1683 	1689
f 1441 	1684 	1690
f 1686 	1685 	1579
f 1691 	1388 	1686
f 1140 	1044 	1043
f 1347 	1687 	262
f 536 	1688 	1692
f 1693 	1668 	1689
f 1441 	1690 	1694
f 1691 	1686 	1579
f 1140 	1043 	1695
f 1347 	262 	249
f 536 	1692 	1696
f 1693 	1689 	1697
f 1441 	1694 	1698
f 1691 	1579 	1699
f 1140 	1695 	1570
f 1419 	1347 	249
f 544 	536 	1696
f 1441 	1698 	1700
f 1691 	1699 	1374
f 1140 	1570 	1509
f 1701 	1419 	249
f 544 	1696 	1702
f 1441 	1700 	1703
f 1691 	1374 	1279
f 1512 	1140 	1509
f 1704 	1701 	249
f 544 	1702 	1705
f 1441 	1703 	684
f 1691 	1279 	1706
f 1512 	1509 	1707
f 1708 	1704 	249
f 544 	1705 	1709
f 1441 	684 	686
f 1691 	1706 	1710
f 1512 	1707 	1395
f 1708 	249 	1463
f 544 	1709 	1711
f 1441 	686 	1372
f 1691 	1710 	1712
f 1512 	1395 	1508
f 1708 	1463 	1713
f 544 	1711 	1714
f 1715 	1441 	1372
f 1691 	1712 	1716
f 1512 	1508 	1393
f 1519 	1708 	1713
f 544 	1714 	1717
f 1718 	1715 	1372
f 1691 	1716 	1719
f 1328 	1512 	1393
f 1519 	1713 	1720
f 552 	544 	1717
f 1721 	1718 	1372
f 1691 	1719 	1722
f 1328 	1393 	1309
f 375 	1519 	1720
f 552 	1717 	1723
f 1724 	1721 	1372
f 1725 	1691 	1722
f 1328 	1309 	993
f 375 	1720 	1726
f 552 	1723 	1727
f 1728 	1725 	1722
f 1328 	993 	988
f 375 	1726 	1729
f 552 	1727 	1730
f 1531 	1728 	1722
f 1328 	988 	1307
f 375 	1729 	1731
f 552 	1730 	1732
f 1328 	1307 	984
f 375 	1731 	1733
f 552 	1732 	1734
f 1515 	1328 	984
f 375 	1733 	1735
f 552 	1734 	1736
f 1515 	984 	975
f 375 	1735 	1737
f 552 	1736 	1738
f 1332 	1515 	975
f 383 	375 	1737
f 552 	1738 	1739
f 1516 	1332 	975
f 383 	1737 	1740
f 552 	1739 	1741
f 1516 	975 	944
f 383 	1740 	1491
f 552 	1741 	1356
f 1593 	1516 	944
f 1420 	383 	1491
f 1429 	552 	1356
f 1742 	1593 	944
f 1420 	1491 	233
f 1429 	1356 	1611
f 1743 	1742 	944
f 1744 	1420 	233
f 1429 	1611 	1745
f 1746 	1743 	944
f 1747 	1744 	233
f 1429 	1745 	1351
f 1748 	1746 	944
f 1749 	1747 	233
f 1429 	1351 	1248
f 1750 	1748 	944
f 1751 	1749 	233
f 1429 	1248 	1752
f 1753 	1750 	944
f 1754 	1751 	233
f 1429 	1752 	1755
f 1756 	1753 	944
f 1757 	1754 	233
f 1758 	1756 	944
f 1349 	1757 	233
f 1759 	1758 	944
f 1349 	233 	220
f 1760 	1759 	944
f 1421 	1349 	220
f 1760 	944 	936
f 1761 	1421 	220
f 1762 	1760 	936
f 1761 	220 	1341
f 1763 	1762 	936
f 1764 	1761 	1341
f 1765 	1763 	936
f 1766 	1764 	1341
f 1767 	1765 	936
f 1768 	1766 	1341
f 1769 	1767 	936
f 1770 	1768 	1341
f 1771 	1769 	936
f 1772 	1770 	1341
f 1771 	936 	931
f 1466 	1772 	1341
f 10 	1771 	931
f 402 	1466 	1341
f 8 	10 	931
f 1467 	402 	1341
f 13 	8 	931
f 1773 	1467 	1341
f 13 	931 	1598
f 1774 	1773 	1341
f 13 	1598 	1775
f 1776 	1774 	1341
f 13 	1775 	1777
f 1778 	1776 	1341
f 18 	13 	1777
f 1778 	1341 	205
f 18 	1777 	1779
f 1780 	1778 	205
f 18 	1779 	1781
f 1782 	1780 	205
f 18 	1781 	1783
f 1784 	1782 	205
f 18 	1783 	1391
f 1785 	1784 	205
f 18 	1391 	1305
f 1786 	1785 	205
f 30 	18 	1305
f 1787 	1786 	205
f 30 	1305 	1788
f 1789 	1787 	205
f 30 	1788 	906
f 1790 	1789 	205
f 30 	906 	905
f 1791 	1790 	205
f 30 	905 	1792
f 1793 	1791 	205
f 30 	1792 	1794
f 1793 	205 	191
f 30 	1794 	1795
f 1796 	1793 	191
f 30 	1795 	1797
f 1247 	1796 	191
f 1459 	30 	1797
f 1350 	1247 	191
f 1459 	1797 	1798
f 1799 	1350 	191
f 1459 	1798 	1582
f 1800 	1799 	191
f 1459 	1582 	1531
f 1801 	1800 	191
f 1802 	1459 	1531
f 1755 	1801 	191
f 1228 	1802 	1531
f 1755 	191 	1412
f 1228 	1531 	1722
f 1429 	1755 	1412
f 1228 	1722 	1803
f 1429 	1412 	1233
f 1229 	1228 	1803
f 1429 	1233 	181
f 1229 	1803 	705
f 1429 	181 	179
f 1229 	705 	704
f 1359 	1429 	179
f 1229 	704 	694
f 1430 	1359 	179
f 63 	1229 	694
f 1804 	1430 	179
f 71 	63 	694
f 1805 	1804 	179
f 71 	694 	1278
f 1806 	1805 	179
f 71 	1278 	1807
f 1808 	1806 	179
f 71 	1807 	1809
f 1808 	179 	171
f 71 	1809 	1810
f 1811 	1808 	171
f 71 	1810 	1812
f 1813 	1811 	171
f 76 	71 	1812
f 1814 	1813 	171
f 76 	1812 	1815
f 1816 	1814 	171
f 76 	1815 	1817
f 1818 	1816 	171
f 76 	1817 	1819
f 1818 	171 	1340
f 76 	1819 	1820
f 1262 	1818 	1340
f 84 	76 	1820
f 1431 	1262 	1340
f 84 	1820 	1821
f 1822 	1431 	1340
f 84 	1821 	1823
f 1824 	1822 	1340
f 84 	1823 	1825
f 1824 	1340 	151
f 84 	1825 	1826
f 1827 	1824 	151
f 84 	1826 	1828
f 1432 	1827 	151
f 84 	1828 	1829
f 1471 	1432 	151
f 84 	1829 	1830
f 1831 	1471 	151
f 84 	1830 	1832
f 1831 	151 	143
f 96 	84 	1832
f 575 	1831 	143
f 96 	1832 	1833
f 573 	575 	143
f 96 	1833 	1724
f 1834 	573 	143
f 96 	1724 	1372
f 1835 	1834 	143
f 103 	96 	1372
f 1836 	1835 	143
f 1461 	103 	1372
f 1837 	1836 	143
f 1461 	1372 	1664
f 1838 	1837 	143
f 1461 	1664 	1839
f 1697 	1838 	143
f 112 	1461 	1839
f 1697 	143 	1231
f 112 	1839 	1840
f 1693 	1697 	1231
f 112 	1840 	1841
f 1693 	1231 	132
f 112 	1841 	1842
f 1843 	1693 	132
f 112 	1842 	1844
f 1845 	1843 	132
f 116 	112 	1844
f 1846 	1845 	132
f 116 	1844 	1847
f 1848 	1846 	132
f 116 	1847 	1849
f 1850 	1848 	132
f 116 	1849 	1851
f 1852 	1850 	132
f 116 	1851 	1853
f 1854 	1852 	132
f 116 	1853 	1855
f 1856 	1854 	132
f 116 	1855 	1857
f 1856 	132 	124
f 116 	1857 	1858
f 1859 	1856 	124
f 124 	116 	1858
f 1860 	1859 	124
f 124 	1858 	1861
f 1862 	1860 	124
f 124 	1861 	1863
f 1864 	1862 	124
f 124 	1863 	1864
f 1865 	1866 	1867
f 1867 	1868 	1869
f 1869 	1870 	1871
f 1872 	1873 	1874
f 1875 	1876 	1877
f 1877 	1878 	1879
f 1879 	1880 	1881
f 1881 	1882 	1883
f 1883 	1884 	1885
f 1885 	1886 	1887
f 1887 	1888 	1889
f 1889 	1890 	1891
f 1891 	1892 	1893
f 1893 	1894 	1895
f 1896 	1897 	1898
f 1898 	1899 	1900
f 1900 	1901 	1902
f 1902 	1903 	1904
f 1904 	1905 	1906
f 1906 	1907 	1908
f 1909 	1910 	1911
f 1911 	1912 	1913
f 1913 	1914 	1915
f 1915 	1916 	1917
f 1917 	1918 	1919
f 1919 	1920 	1921
f 1921 	1922 	1923
f 1924 	1925 	1926
f 1927 	1928 	1929
f 1930 	1931 	1932
f 1932 	1933 	1934
f 1934 	1935 	1936
f 1937 	1938 	1939
f 1939 	1940 	1941
f 1941 	1942 	1943
f 1943 	1944 	1945
f 1945 	1946 	1947
f 1947 	1948 	1949
f 1949 	1950 	1951
f 1951 	1952 	1953
f 1953 	1954 	1955
f 1955 	1956 	1957
f 1957 	1958 	1959
f 1959 	1960 	1961
f 1962 	1963 	1964
f 1964 	1965 	1966
f 1966 	1967 	1968
f 1969 	1970 	1971
f 1971 	1972 	1973
f 1973 	1974 	1975
f 1975 	1976 	1977
f 1977 	1978 	1979
f 1979 	1980 	1981
f 1981 	1982 	1983
f 1983 	1984 	1985
f 1985 	1986 	1987
f 1987 	1988 	1989
f 1989 	1990 	1991
f 1991 	1992 	1993
f 1993 	1994 	1995
f 1995 	1996 	1997
f 1997 	1998 	1999
f 1999 	2000 	2001
f 2002 	2003 	2004
f 2004 	2005 	2006
f 2006 	2007 	2008
f 2008 	2009 	2010
f 2010 	2011 	2012
f 2012 	2013 	2014
f 2014 	2015 	2016
f 2016 	2017 	2018
f 2018 	2019 	2020
f 2021 	2022 	2023
f 2023 	2024 	2025
f 2025 	2026 	2027
f 2027 	2028 	2029
f 2029 	2030 	2031
f 2032 	2033 	2034
f 2034 	2035 	2036
f 2036 	2037 	2038
f 2038 	2039 	2040
f 2040 	2041 	2042
f 2042 	2043 	2044
f 2044 	2045 	2046
f 2046 	2047 	2048
f 2049 	2050 	2051
f 2052 	2053 	2054
f 2054 	2055 	2056
f 2056 	2057 	2058
f 2058 	2059 	2060
f 2060 	2061 	2062
f 2062 	2063 	2064
f 2064 	2065 	2066
f 2066 	2067 	2068
f 2068 	2069 	2070
f 2070 	2071 	2072
f 2072 	2073 	2074
f 2074 	2075 	2076
f 2076 	2077 	2078
f 2078 	2079 	2080
f 2081 	2082 	2083
f 2083 	2084 	2085
f 2085 	2086 	2087
f 2087 	2088 	2089
f 2089 	2090 	2091
f 2092 	2093 	2094
f 2094 	2095 	2096
f 2096 	2097 	2098
f 2098 	2099 	2100
f 2100 	2101 	2102
f 2102 	2103 	2104
f 2105 	2106 	2107
f 2108 	2109 	2110
f 2110 	2111 	2112
f 2112 	2113 	2114
f 2114 	2115 	2116
f 2116 	2117 	2118
f 2119 	2120 	2121
f 2121 	2122 	2123
f 2123 	2124 	2125
f 2125 	2126 	2127
f 2127 	2128 	2129
f 2130 	2131 	2132
f 2132 	2133 	2134
f 2135 	2136 	2137
f 2137 	2138 	2139
f 2140 	2141 	2142
f 2142 	2143 	2144
f 2144 	2145 	2146
f 2146 	2147 	2148
f 2148 	2149 	2150
f 2150 	2151 	2152
f 2152 	2153 	2154
f 2154 	2155 	2156
f 2157 	2158 	2159
f 2159 	2160 	2161
f 2162 	2163 	2164
f 2164 	2165 	2166
f 2166 	2167 	2168
f 2168 	2169 	2170
f 2170 	2171 	2172
f 2172 	2173 	2174
f 2174 	2175 	2176
f 2176 	2177 	2178
f 2178 	2179 	2180
f 2180 	2181 	2182
f 2182 	2183 	2184
f 2184 	2185 	2186
f 2186 	2187 	2188
f 2189 	2190 	2191
f 2191 	2192 	2193
f 2193 	2194 	2195
f 2195 	2196 	2197
f 2198 	2199 	2200
f 2201 	2202 	2203
f 2203 	2204 	2205
f 2205 	2206 	2207
f 2207 	2208 	2209
f 2209 	2210 	2211
f 2212 	2213 	2214
f 2214 	2215 	2216
f 2216 	2217 	2218
f 2218 	2219 	2220
f 2220 	2221 	2222
f 2223 	2224 	2225
f 2225 	2226 	2227
f 2228 	2229 	2230
f 2230 	2231 	2232
f 2232 	2233 	2234
f 2234 	2235 	2236
f 2236 	2237 	2238
f 2238 	2239 	2240
f 2240 	2241 	2242
f 2242 	2243 	2244
f 2244 	2245 	2246
f 2246 	2247 	2248
f 2248 	2249 	2250
f 2250 	2251 	2252
f 2253 	2254 	2255
f 2256 	2257 	2258
f 2258 	2259 	2260
f 2261 	2262 	2263
f 2263 	2264 	2265
f 2265 	2266 	2267
f 2267 	2268 	2269
f 2269 	2270 	2271
f 2271 	2272 	2273
f 2274 	2275 	2276
f 2277 	2278 	2279
f 2280 	2281 	2282
f 2283 	2284 	2285
f 2285 	2286 	2287
f 2288 	2289 	2290
f 2291 	2292 	2293
f 2293 	2294 	2295
f 2295 	2296 	2297
f 2297 	2298 	2299
f 2299 	2300 	2301
f 2301 	2302 	2303
f 2303 	2304 	2305
f 2306 	2307 	2308
f 2309 	2310 	2311
f 2312 	2313 	2314
f 2315 	2316 	2317
f 2317 	2318 	2319
f 2319 	2320 	2321
f 2322 	2323 	2324
f 2324 	2325 	2326
f 2327 	2328 	2329
f 2330 	2321 	2320
f 2320 	2331 	2332
f 2332 	2333 	2334
f 2334 	2335 	2336
f 2336 	2337 	2338
f 2338 	2339 	2340
f 2340 	2341 	2342
f 2343 	2344 	2345
f 2345 	2346 	2347
f 2347 	2348 	2349
f 2349 	2350 	2351
f 2351 	2352 	2353
f 2353 	2354 	2355
f 2355 	2356 	2357
f 2357 	2358 	2359
f 2359 	2360 	2361
f 2361 	2362 	2363
f 2363 	2364 	2365
f 2366 	2367 	2368
f 2369 	2370 	2371
f 2372 	2305 	2304
f 2304 	2373 	2374
f 2374 	2375 	2376
f 2377 	2378 	2379
f 2379 	2380 	2381
f 2381 	2382 	2383
f 2383 	2384 	2385
f 2385 	2386 	2387
f 2387 	2388 	2389
f 2389 	2390 	2391
f 2391 	2392 	2393
f 2393 	2394 	2395
f 2395 	2396 	2397
f 2397 	2398 	2399
f 2399 	2400 	2401
f 2401 	2402 	2403
f 2403 	2404 	2405
f 2405 	2406 	2407
f 2407 	2408 	2409
f 2409 	2410 	2411
f 2411 	2412 	2413
f 2413 	2414 	2415
f 2415 	2416 	2417
f 2417 	2418 	2419
f 2419 	2420 	2421
f 2422 	2423 	2424
f 2425 	2426 	2427
f 2427 	2428 	2429
f 2429 	2430 	2431
f 2432 	2433 	2434
f 2434 	2435 	2436
f 2437 	2438 	2439
f 2440 	2441 	2442
f 2442 	2443 	2444
f 2444 	2445 	2446
f 2446 	2447 	2448
f 2448 	2449 	2450
f 2450 	2451 	2452
f 2452 	2453 	2454
f 2454 	2455 	2456
f 2456 	2457 	2458
f 2458 	2459 	2460
f 2460 	2461 	2462
f 2462 	2463 	2464
f 2464 	2465 	2466
f 2466 	2467 	2468
f 2469 	2470 	2471
f 2472 	2473 	2474
f 2474 	2475 	2476
f 2477 	2478 	2479
f 2480 	2481 	2482
f 2483 	2484 	2485
f 2486 	2467 	2466
f 2466 	2487 	2488
f 2488 	2489 	2490
f 2490 	2491 	2492
f 2492 	2493 	2494
f 2495 	2496 	2497
f 2498 	2499 	2500
f 2500 	2501 	2502
f 2503 	2504 	2505
f 2506 	2507 	2508
f 2508 	2509 	2510
f 2511 	2500 	2499
f 2512 	2513 	2514
f 2515 	2516 	2517
f 2518 	2519 	2520
f 2521 	2497 	2496
f 2496 	2522 	2523
f 2523 	2524 	2525
f 2525 	2526 	2527
f 2528 	2529 	2530
f 2530 	2531 	2532
f 2533 	2534 	2535
f 2536 	2537 	2538
f 2539 	2540 	2541
f 2542 	2543 	2544
f 2545 	2546 	2547
f 2548 	2549 	2550
f 2551 	2552 	2553
f 2553 	2554 	2555
f 2556 	2557 	2558
f 2558 	2559 	2560
f 2561 	2562 	2563
f 2563 	2564 	2565
f 2566 	2567 	2568
f 2568 	2569 	2570
f 2571 	2572 	2573
f 2574 	2575 	2576
f 2576 	2577 	2578
f 2578 	2579 	2580
f 2581 	2582 	2583
f 2583 	2584 	2585
f 2585 	2586 	2587
f 2587 	2588 	2589
f 2589 	2590 	2591
f 2591 	2592 	2593
f 2594 	2595 	2596
f 2597 	2531 	2530
f 2598 	2599 	2600
f 2600 	2601 	2602
f 2602 	2603 	2604
f 2604 	2605 	2606
f 2606 	2607 	2608
f 2609 	2610 	2611
f 2611 	2612 	2613
f 2614 	2615 	2616
f 2617 	2618 	2619
f 2620 	2621 	2622
f 2622 	2623 	2624
f 2624 	2625 	2626
f 2626 	2627 	2628
f 2628 	2629 	2630
f 2630 	2631 	2632
f 2632 	2633 	2634
f 2634 	2635 	2636
f 2637 	2638 	2639
f 2639 	2640 	2641
f 2642 	2643 	2644
f 2645 	2646 	2647
f 2646 	2648 	2649
f 2649 	2650 	2651
f 2652 	2653 	2654
f 2654 	2655 	2656
f 2657 	2658 	2659
f 2659 	2660 	2661
f 2661 	2662 	2663
f 2664 	2662 	2661
f 2661 	2665 	2666
f 2666 	2667 	2668
f 2669 	2670 	2671
f 2671 	2672 	2673
f 2674 	2675 	2676
f 2676 	2677 	2678
f 2678 	2679 	2680
f 2681 	2651 	2650
f 2650 	2682 	2683
f 2684 	2685 	2686
f 2686 	2687 	2688
f 2688 	2689 	2690
f 2690 	2691 	2692
f 2693 	2694 	2695
f 2696 	2697 	2698
f 2699 	2635 	2634
f 2634 	2700 	2701
f 2701 	2702 	2703
f 2703 	2704 	2705
f 2705 	2706 	2707
f 2708 	2709 	2710
f 2710 	2711 	2712
f 2712 	2713 	2714
f 2714 	2715 	2716
f 2716 	2717 	2718
f 2718 	2719 	2720
f 2720 	2721 	2722
f 2723 	2724 	2725
f 2726 	2727 	2728
f 2728 	2729 	2730
f 2730 	2731 	2732
f 2733 	2734 	2735
f 2736 	2737 	2738
f 2739 	2740 	2741
f 2742 	2741 	2740
f 2740 	2743 	2744
f 2745 	2746 	2747
f 2747 	2748 	2749
f 2749 	2750 	2751
f 2752 	2753 	2754
f 2754 	2755 	2756
f 2756 	2757 	2758
f 2758 	2759 	2760
f 2760 	2761 	2762
f 2762 	2763 	2764
f 2764 	2765 	2766
f 2767 	2768 	2769
f 2769 	2770 	2771
f 2772 	2773 	2774
f 2775 	2776 	2777
f 2777 	2778 	2779
f 2779 	2780 	2781
f 2781 	2782 	2783
f 2783 	2784 	2785
f 2786 	2787 	2724
f 2724 	2723 	2788
f 2788 	2789 	2790
f 2790 	2791 	2792
f 2793 	2794 	2795
f 2795 	2796 	2797
f 2797 	2798 	2799
f 2799 	2800 	2801
f 2801 	2802 	2803
f 2803 	2804 	2805
f 2805 	2806 	2807
f 2807 	2808 	2809
f 2809 	2810 	2811
f 2811 	2812 	2813
f 2813 	2814 	2815
f 2815 	2816 	2817
f 2817 	2818 	2819
f 2819 	2820 	2821
f 2821 	2822 	2823
f 2823 	2824 	2825
f 2825 	2826 	2827
f 2827 	2828 	2829
f 2829 	2830 	2831
f 2831 	2832 	2833
f 2834 	2835 	2836
f 2836 	2837 	2838
f 2838 	2839 	2840
f 2841 	2842 	2843
f 2843 	2844 	2845
f 2845 	2846 	2847
f 2847 	2848 	2849
f 2849 	2850 	2851
f 2852 	2853 	2854
f 2855 	2856 	2857
f 2858 	2859 	2860
f 2861 	2862 	2863
f 2863 	2864 	2865
f 2865 	2866 	2867
f 2868 	2869 	2870
f 2870 	2871 	2872
f 2872 	2873 	2874
f 2875 	2876 	2877
f 2877 	2878 	2879
f 2879 	2880 	2881
f 2881 	2882 	2883
f 2883 	2884 	2885
f 2885 	2886 	2887
f 2887 	2888 	2889
f 2889 	2890 	2891
f 2891 	2892 	2893
f 2893 	2894 	2895
f 2895 	2896 	2897
f 2897 	2898 	2899
f 2899 	2900 	2901
f 2902 	2903 	2904
f 2905 	2906 	2907
f 2907 	2908 	2909
f 2910 	2911 	2912
f 2913 	2914 	2915
f 2915 	2916 	2917
f 2918 	2919 	2920
f 2921 	2922 	2923
f 2923 	2924 	2925
f 2926 	2927 	2928
f 2928 	2929 	2930
f 2931 	2932 	2933
f 2933 	2934 	2935
f 2935 	2936 	2937
f 2938 	2939 	2940
f 2941 	2942 	2943
f 2943 	2944 	2945
f 2945 	2946 	2947
f 2947 	2948 	2949
f 2949 	2950 	2951
f 2951 	2952 	2953
f 2953 	2954 	2955
f 2955 	2956 	2957
f 2957 	2958 	2959
f 2960 	2961 	2962
f 2962 	2963 	2964
f 2965 	2966 	2967
f 2968 	2969 	2970
f 2970 	2971 	2972
f 2972 	2973 	2974
f 2974 	2975 	2976
f 2976 	2977 	2978
f 2978 	2979 	2980
f 2980 	2981 	2982
f 2982 	2983 	2984
f 2985 	2986 	2987
f 2987 	2988 	2989
f 2989 	2990 	2991
f 2991 	2992 	2993
f 2993 	2994 	2995
f 2996 	2997 	2998
f 2999 	3000 	3001
f 3001 	3002 	3003
f 3003 	3004 	3005
f 3005 	3006 	3007
f 3008 	3009 	3010
f 3011 	3012 	3013
f 3013 	3014 	3015
f 3015 	3016 	3017
f 3018 	3019 	3020
f 3020 	3021 	3022
f 3023 	3024 	3025
f 3026 	3027 	3028
f 3029 	3030 	3031
f 3032 	3033 	3034
f 3034 	3035 	3036
f 3036 	3037 	3038
f 3039 	3040 	3041
f 3041 	3042 	3043
f 3043 	3044 	3045
f 3045 	3046 	3047
f 3047 	3048 	3049
f 3049 	3050 	3051
f 3052 	3053 	3054
f 3054 	3055 	3056
f 3056 	3057 	3058
f 3059 	3060 	3061
f 3061 	3062 	3063
f 3063 	3064 	3065
f 3065 	3066 	3067
f 3068 	3069 	3070
f 3071 	3072 	3073
f 3074 	3075 	3076
f 3077 	3078 	3079
f 3080 	3081 	3082
f 3083 	3084 	3085
f 3086 	3087 	3088
f 3089 	3090 	3091
f 3091 	1865 	1867
f 1867 	1869 	1871
f 1875 	1877 	1879
f 1879 	1881 	1883
f 1883 	1885 	1887
f 1887 	1889 	1891
f 1891 	1893 	1895
f 1895 	1896 	1898
f 1898 	1900 	1902
f 1902 	1904 	1906
f 3092 	1909 	1911
f 1911 	1913 	1915
f 1915 	1917 	1919
f 1919 	1921 	1923
f 3093 	1924 	1926
f 3094 	1930 	1932
f 1932 	1934 	1936
f 1937 	1939 	1941
f 1941 	1943 	1945
f 1945 	1947 	1949
f 1949 	1951 	1953
f 1953 	1955 	1957
f 1957 	1959 	1961
f 1961 	1962 	1964
f 1964 	1966 	1968
f 1969 	1971 	1973
f 1973 	1975 	1977
f 1977 	1979 	1981
f 1981 	1983 	1985
f 1985 	1987 	1989
f 1989 	1991 	1993
f 1993 	1995 	1997
f 1997 	1999 	2001
f 3095 	2002 	2004
f 2004 	2006 	2008
f 2008 	2010 	2012
f 2012 	2014 	2016
f 2016 	2018 	2020
f 3096 	2021 	2023
f 2023 	2025 	2027
f 2027 	2029 	2031
f 2032 	2034 	2036
f 2036 	2038 	2040
f 2040 	2042 	2044
f 2046 	2048 	3097
f 2049 	2051 	2052
f 2052 	2054 	2056
f 2056 	2058 	2060
f 2062 	2064 	2066
f 2066 	2068 	2070
f 2070 	2072 	2074
f 2074 	2076 	2078
f 2078 	2080 	3098
f 2081 	2083 	2085
f 2085 	2087 	2089
f 2089 	2091 	3099
f 3099 	2092 	2094
f 2094 	2096 	2098
f 2098 	2100 	2102
f 2102 	2104 	2105
f 2105 	2107 	3100
f 3101 	2108 	2110
f 2110 	2112 	2114
f 2114 	2116 	2118
f 2119 	2121 	2123
f 2123 	2125 	2127
f 2127 	2129 	3102
f 3103 	2130 	2132
f 2132 	2134 	3104
f 2135 	2137 	2139
f 2140 	2142 	2144
f 2144 	2146 	2148
f 2148 	2150 	2152
f 2154 	2156 	3105
f 2157 	2159 	2161
f 3106 	2162 	2164
f 2164 	2166 	2168
f 2168 	2170 	2172
f 2172 	2174 	2176
f 2176 	2178 	2180
f 2180 	2182 	2184
f 2184 	2186 	2188
f 2188 	2189 	2191
f 2191 	2193 	2195
f 2195 	2197 	3107
f 3107 	2198 	2200
f 2201 	2203 	2205
f 2205 	2207 	2209
f 2212 	2214 	2216
f 2216 	2218 	2220
f 2220 	2222 	3108
f 2223 	2225 	2227
f 2228 	2230 	2232
f 2232 	2234 	2236
f 2236 	2238 	2240
f 2240 	2242 	2244
f 2244 	2246 	2248
f 2248 	2250 	2252
f 2252 	2253 	2255
f 2256 	2258 	2260
f 3109 	2261 	2263
f 2263 	2265 	2267
f 2267 	2269 	2271
f 2271 	2273 	3110
f 3111 	2274 	2276
f 3112 	2277 	2279
f 2283 	2285 	2287
f 2288 	2290 	3113
f 2291 	2293 	2295
f 2295 	2297 	2299
f 2299 	2301 	2303
f 2303 	2305 	3114
f 3115 	2306 	2308
f 3116 	2309 	2311
f 3117 	2312 	2314
f 2315 	2317 	2319
f 2319 	2321 	3118
f 3119 	2322 	2324
f 3120 	2327 	2329
f 3121 	2330 	2320
f 2320 	2332 	2334
f 2334 	2336 	2338
f 2338 	2340 	2342
f 2343 	2345 	2347
f 2347 	2349 	2351
f 2351 	2353 	2355
f 2355 	2357 	2359
f 2361 	2363 	2365
f 3122 	2366 	2368
f 3123 	2369 	2371
f 3124 	2372 	2304
f 2304 	2374 	2376
f 2377 	2379 	2381
f 2381 	2383 	2385
f 2385 	2387 	2389
f 2389 	2391 	2393
f 2393 	2395 	2397
f 2397 	2399 	2401
f 2401 	2403 	2405
f 2405 	2407 	2409
f 2409 	2411 	2413
f 2413 	2415 	2417
f 2417 	2419 	2421
f 3125 	2422 	2424
f 3126 	2425 	2427
f 2427 	2429 	2431
f 2432 	2434 	2436
f 3127 	2440 	2442
f 2442 	2444 	2446
f 2446 	2448 	2450
f 2450 	2452 	2454
f 2454 	2456 	2458
f 2458 	2460 	2462
f 2462 	2464 	2466
f 2466 	2468 	3128
f 3129 	2469 	2471
f 2472 	2474 	2476
f 3130 	2477 	2479
f 3131 	2480 	2482
f 3132 	2486 	2466
f 2466 	2488 	2490
f 2490 	2492 	2494
f 2494 	2495 	2497
f 3133 	2498 	2500
f 3134 	2503 	2505
f 2506 	2508 	2510
f 3135 	2511 	2499
f 2499 	2512 	2514
f 3136 	2515 	2517
f 2518 	2520 	2521
f 2521 	2496 	2523
f 2523 	2525 	2527
f 2528 	2530 	2532
f 2533 	2535 	3137
f 3138 	2536 	2538
f 3139 	2539 	2541
f 3140 	2542 	2544
f 3141 	2545 	2547
f 3142 	2551 	2553
f 2553 	2555 	2556
f 2556 	2558 	2560
f 2561 	2563 	2565
f 2566 	2568 	2570
f 3143 	2571 	2573
f 3144 	2574 	2576
f 2576 	2578 	2580
f 2581 	2583 	2585
f 2585 	2587 	2589
f 2589 	2591 	2593
f 2594 	2596 	3145
f 3146 	2597 	2530
f 3147 	2598 	2600
f 2600 	2602 	2604
f 2604 	2606 	2608
f 2609 	2611 	2613
f 2614 	2616 	2617
f 2617 	2619 	3148
f 3149 	2620 	2622
f 2622 	2624 	2626
f 2626 	2628 	2630
f 2630 	2632 	2634
f 2634 	2636 	3150
f 2637 	2639 	2641
f 2641 	2642 	2644
f 2646 	2649 	2651
f 3151 	2652 	2654
f 2654 	2656 	3152
f 3152 	2657 	2659
f 2659 	2661 	2663
f 3153 	2664 	2661
f 2661 	2666 	2668
f 3154 	2669 	2671
f 2671 	2673 	3155
f 3156 	2674 	2676
f 2676 	2678 	2680
f 3157 	2681 	2650
f 2650 	2683 	3158
f 3159 	2684 	2686
f 2686 	2688 	2690
f 3160 	2693 	2695
f 3161 	2696 	2698
f 3162 	2699 	2634
f 2634 	2701 	2703
f 2703 	2705 	2707
f 2708 	2710 	2712
f 2712 	2714 	2716
f 2716 	2718 	2720
f 2720 	2722 	3163
f 3163 	2723 	2725
f 2726 	2728 	2730
f 2730 	2732 	3164
f 2733 	2735 	3165
f 3166 	2739 	2741
f 3167 	2742 	2740
f 2740 	2744 	3168
f 2745 	2747 	2749
f 2749 	2751 	2752
f 2752 	2754 	2756
f 2756 	2758 	2760
f 2760 	2762 	2764
f 2767 	2769 	2771
f 3169 	2772 	2774
f 2775 	2777 	2779
f 2779 	2781 	2783
f 2786 	2724 	2788
f 2788 	2790 	2792
f 2793 	2795 	2797
f 2797 	2799 	2801
f 2801 	2803 	2805
f 2805 	2807 	2809
f 2809 	2811 	2813
f 2813 	2815 	2817
f 2819 	2821 	2823
f 2823 	2825 	2827
f 2827 	2829 	2831
f 2833 	2834 	2836
f 2836 	2838 	2840
f 2841 	2843 	2845
f 2845 	2847 	2849
f 2849 	2851 	3170
f 3171 	2852 	2854
f 2855 	2857 	3172
f 3173 	2858 	2860
f 2861 	2863 	2865
f 2865 	2867 	3174
f 2868 	2870 	2872
f 2872 	2874 	3175
f 2875 	2877 	2879
f 2881 	2883 	2885
f 2885 	2887 	2889
f 2889 	2891 	2893
f 2893 	2895 	2897
f 2899 	2901 	3176
f 3177 	2902 	2904
f 2905 	2907 	2909
f 2909 	2910 	2912
f 3178 	2913 	2915
f 2915 	2917 	3179
f 2921 	2923 	2925
f 3180 	2926 	2928
f 2928 	2930 	3181
f 2931 	2933 	2935
f 2937 	2938 	2940
f 2941 	2943 	2945
f 2945 	2947 	2949
f 2949 	2951 	2953
f 2955 	2957 	2959
f 3182 	2960 	2962
f 2962 	2964 	3183
f 2968 	2970 	2972
f 2972 	2974 	2976
f 2976 	2978 	2980
f 2980 	2982 	2984
f 2984 	2985 	2987
f 2987 	2989 	2991
f 2991 	2993 	2995
f 2996 	2998 	3184
f 3185 	2999 	3001
f 3001 	3003 	3005
f 3005 	3007 	3008
f 3008 	3010 	3186
f 3187 	3011 	3013
f 3013 	3015 	3017
f 3018 	3020 	3022
f 3188 	3026 	3028
f 3189 	3029 	3031
f 3190 	3032 	3034
f 3034 	3036 	3038
f 3191 	3039 	3041
f 3041 	3043 	3045
f 3045 	3047 	3049
f 3049 	3051 	3192
f 3052 	3054 	3056
f 3056 	3058 	3059
f 3059 	3061 	3063
f 3063 	3065 	3067
f 3068 	3070 	3193
f 3194 	3071 	3073
f 3195 	3074 	3076
f 3196 	3077 	3079
f 3197 	3080 	3082
f 3198 	3083 	3085
f 3199 	3086 	3088
f 3200 	3089 	3091
f 3091 	1867 	1871
f 1875 	1879 	1883
f 1883 	1887 	1891
f 1895 	1898 	1902
f 1902 	1906 	1908
f 3092 	1911 	1915
f 1915 	1919 	1923
f 3093 	1926 	1927
f 3094 	1932 	1936
f 3201 	1937 	1941
f 1941 	1945 	1949
f 1949 	1953 	1957
f 1961 	1964 	1968
f 1969 	1973 	1977
f 1981 	1985 	1989
f 1989 	1993 	1997
f 1997 	2001 	3202
f 3095 	2004 	2008
f 2008 	2012 	2016
f 2016 	2020 	3096
f 3096 	2023 	2027
f 2027 	2031 	3203
f 3204 	2032 	2036
f 2036 	2040 	2044
f 2049 	2052 	2056
f 2056 	2060 	2062
f 2062 	2066 	2070
f 2070 	2074 	2078
f 2078 	3098 	3205
f 3205 	2081 	2085
f 2085 	2089 	3099
f 3099 	2094 	2098
f 2098 	2102 	2105
f 2105 	3100 	3206
f 3101 	2110 	2114
f 2114 	2118 	3207
f 2119 	2123 	2127
f 3103 	2132 	3104
f 2135 	2139 	3208
f 2140 	2144 	2148
f 2148 	2152 	2154
f 2154 	3105 	3209
f 3106 	2164 	2168
f 2168 	2172 	2176
f 2176 	2180 	2184
f 2188 	2191 	2195
f 3107 	2200 	3210
f 2201 	2205 	2209
f 2212 	2216 	2220
f 3211 	2223 	2227
f 3212 	2228 	2232
f 2232 	2236 	2240
f 2240 	2244 	2248
f 2248 	2252 	2255
f 3213 	2256 	2260
f 3109 	2263 	2267
f 2267 	2271 	3110
f 3111 	2276 	3214
f 3112 	2279 	3215
f 3216 	2283 	2287
f 2288 	3113 	2291
f 2291 	2295 	2299
f 2299 	2303 	3114
f 3115 	2308 	3116
f 3116 	2311 	3117
f 3117 	2314 	3217
f 2315 	2319 	3118
f 3119 	2324 	2326
f 3120 	2329 	3218
f 3219 	3121 	2320
f 2320 	2334 	2338
f 2338 	2342 	2343
f 2343 	2347 	2351
f 2351 	2355 	2359
f 2359 	2361 	2365
f 3122 	2368 	3220
f 3123 	2371 	3221
f 3221 	3124 	2304
f 2304 	2376 	2377
f 2377 	2381 	2385
f 2385 	2389 	2393
f 2393 	2397 	2401
f 2401 	2405 	2409
f 2409 	2413 	2417
f 2417 	2421 	3222
f 3223 	3125 	2424
f 3126 	2427 	2431
f 3224 	2432 	2436
f 3127 	2442 	2446
f 2446 	2450 	2454
f 2454 	2458 	2462
f 2462 	2466 	3128
f 3129 	2471 	3225
f 3226 	2472 	2476
f 3130 	2479 	3131
f 3131 	2482 	3227
f 3228 	3132 	2466
f 2466 	2490 	2494
f 2494 	2497 	3229
f 3133 	2500 	2502
f 3134 	2505 	3230
f 2506 	2510 	3231
f 3232 	3135 	2499
f 2499 	2514 	3136
f 3136 	2517 	2518
f 2518 	2521 	2523
f 2523 	2527 	2528
f 2528 	2532 	3233
f 2533 	3137 	3234
f 3138 	2538 	3139
f 3139 	2541 	3140
f 3140 	2544 	3235
f 3141 	2547 	3236
f 3142 	2553 	2556
f 2556 	2560 	3237
f 3237 	2561 	2565
f 3143 	2573 	3238
f 3144 	2576 	2580
f 2581 	2585 	2589
f 2589 	2593 	3239
f 3240 	2594 	3145
f 3241 	3146 	2530
f 3147 	2600 	2604
f 2604 	2608 	2609
f 2609 	2613 	3242
f 2614 	2617 	3148
f 3149 	2622 	2626
f 2626 	2630 	2634
f 2634 	3150 	3243
f 2641 	2644 	3244
f 2646 	2651 	3245
f 3151 	2654 	3152
f 3152 	2659 	2663
f 3246 	3153 	2661
f 2661 	2668 	3247
f 3154 	2671 	3155
f 3156 	2676 	2680
f 2680 	3157 	2650
f 2650 	3158 	3248
f 3159 	2686 	2690
f 3160 	2695 	3249
f 3161 	2698 	3250
f 3251 	3162 	2634
f 2634 	2703 	2707
f 2707 	2708 	2712
f 2712 	2716 	2720
f 2720 	3163 	2725
f 2725 	2726 	2730
f 3164 	2733 	3165
f 3166 	2741 	3252
f 3253 	3167 	2740
f 2740 	3168 	3254
f 3254 	2745 	2749
f 2749 	2752 	2756
f 2756 	2760 	2764
f 3169 	2774 	3255
f 2775 	2779 	2783
f 3256 	2786 	2788
f 2788 	2792 	2793
f 2793 	2797 	2801
f 2801 	2805 	2809
f 2809 	2813 	2817
f 2817 	2819 	2823
f 2827 	2831 	2833
f 2833 	2836 	2840
f 2840 	2841 	2845
f 2849 	3170 	3171
f 2855 	3172 	3173
f 3173 	2860 	3257
f 3258 	2861 	2865
f 2865 	3174 	3259
f 3260 	2868 	2872
f 2872 	3175 	2875
f 2875 	2879 	2881
f 2881 	2885 	2889
f 2889 	2893 	2897
f 2899 	3176 	3177
f 3177 	2904 	3261
f 2909 	2912 	3262
f 3178 	2915 	3179
f 3263 	2921 	2925
f 3180 	2928 	3181
f 3264 	2931 	2935
f 2937 	2940 	2941
f 2941 	2945 	2949
f 2949 	2953 	2955
f 3182 	2962 	3183
f 2968 	2972 	2976
f 2976 	2980 	2984
f 2984 	2987 	2991
f 2991 	2995 	2996
f 3185 	3001 	3005
f 3005 	3008 	3186
f 3187 	3013 	3017
f 3018 	3022 	3265
f 3188 	3028 	3189
f 3189 	3031 	3190
f 3190 	3034 	3038
f 3191 	3041 	3045
f 3045 	3049 	3192
f 3192 	3052 	3056
f 3056 	3059 	3063
f 3063 	3067 	3266
f 3267 	3068 	3193
f 3194 	3073 	3268
f 3269 	3195 	3076
f 3196 	3079 	3270
f 3271 	3197 	3082
f 3198 	3085 	3199
f 3199 	3088 	3272
f 3200 	3091 	1871
f 1883 	1891 	1895
f 1895 	1902 	1908
f 3092 	1915 	1923
f 3093 	1927 	1929
f 3273 	3094 	1936
f 3274 	3201 	1941
f 1949 	1957 	1961
f 3275 	1969 	1977
f 1997 	3202 	3095
f 2016 	3096 	2027
f 3276 	2049 	2056
f 2056 	2062 	2070
f 2070 	2078 	3205
f 2085 	3099 	2098
f 2098 	2105 	3206
f 3277 	3101 	2114
f 2114 	3207 	3278
f 3278 	2119 	2127
f 3279 	3103 	3104
f 2135 	3208 	2140
f 2140 	2148 	2154
f 3280 	3106 	2168
f 2168 	2176 	2184
f 2184 	2188 	2195
f 3281 	2201 	2209
f 3282 	2212 	2220
f 3211 	2227 	3283
f 3212 	2232 	2240
f 2248 	2255 	3284
f 3213 	2260 	3285
f 3286 	3109 	2267
f 2267 	3110 	3287
f 3216 	2287 	2288
f 2288 	2291 	2299
f 2299 	3114 	3288
f 3289 	2315 	3118
f 3119 	2326 	3290
f 3291 	3219 	2320
f 2338 	2343 	2351
f 2359 	2365 	3292
f 3123 	3221 	2304
f 2304 	2377 	2385
f 2417 	3222 	3293
f 3223 	2424 	3294
f 3126 	2431 	3295
f 3296 	3224 	2436
f 2462 	3128 	3297
f 3298 	3226 	2476
f 2485 	3228 	2466
f 2494 	3229 	3299
f 3300 	3133 	2502
f 2506 	3231 	3301
f 3302 	3232 	2499
f 3136 	2518 	2523
f 2523 	2528 	3233
f 2556 	3237 	2565
f 3303 	3144 	2580
f 3304 	2581 	2589
f 2589 	3239 	3305
f 3240 	3145 	3241
f 3241 	2530 	3306
f 3147 	2604 	2609
f 2609 	3242 	3307
f 3307 	2614 	3148
f 3148 	3149 	2626
f 2626 	2634 	3243
f 2646 	3245 	3308
f 3152 	2663 	3309
f 3246 	2661 	3247
f 3154 	3155 	3310
f 3156 	2680 	2650
f 3159 	2690 	2692
f 3311 	3251 	2634
f 2634 	2707 	2712
f 2712 	2720 	2725
f 2725 	2730 	3164
f 3253 	2740 	3254
f 3254 	2749 	2756
f 2756 	2764 	2766
f 2775 	2783 	2785
f 3312 	3256 	2788
f 2809 	2817 	2823
f 2827 	2833 	2840
f 2840 	2845 	2849
f 3313 	3258 	2865
f 3260 	2872 	2875
f 2881 	2889 	2897
f 3314 	3180 	3181
f 3264 	2935 	2937
f 2937 	2941 	2949
f 2949 	2955 	2959
f 3315 	3182 	3183
f 2967 	2968 	2976
f 2976 	2984 	2991
f 2991 	2996 	3184
f 3316 	3185 	3005
f 3005 	3186 	3187
f 3187 	3017 	3018
f 3018 	3265 	3317
f 3188 	3189 	3190
f 3190 	3038 	3318
f 3191 	3045 	3192
f 3192 	3056 	3063
f 3063 	3266 	3319
f 3267 	3193 	3320
f 3194 	3268 	3321
f 3269 	3076 	3196
f 3270 	3271 	3082
f 3198 	3199 	3272
f 3322 	3200 	1871
f 1895 	1908 	3323
f 3092 	1923 	3324
f 1929 	3273 	1936
f 1936 	3274 	1941
f 3325 	3275 	1977
f 2016 	2027 	3203
f 2098 	3206 	3326
f 3327 	3277 	2114
f 2114 	3278 	2127
f 3328 	3279 	3104
f 3280 	2168 	2184
f 3210 	3281 	2209
f 2211 	3282 	2220
f 3329 	3212 	2240
f 3330 	3286 	2267
f 2267 	3287 	3331
f 3216 	2288 	2299
f 2299 	3288 	3332
f 3333 	3289 	3118
f 3291 	2320 	2338
f 2359 	3292 	3122
f 3334 	3123 	2304
f 3296 	2436 	3335
f 2454 	2462 	3297
f 3298 	2476 	3130
f 2483 	2485 	2466
f 2494 	3299 	3300
f 3300 	2502 	3336
f 2506 	3301 	3302
f 3302 	2499 	3136
f 2523 	3233 	3337
f 2556 	2565 	3338
f 3303 	2580 	3339
f 3340 	3304 	2589
f 3240 	3241 	3306
f 3147 	2609 	3307
f 3307 	3148 	2626
f 2626 	3243 	3341
f 2646 	3308 	3342
f 3152 	3309 	3343
f 3344 	3246 	3247
f 3156 	2650 	3248
f 3159 	2692 	3345
f 3250 	3311 	2634
f 3346 	3253 	3254
f 3254 	2756 	2766
f 2785 	3312 	2788
f 2809 	2823 	2827
f 3313 	2865 	3259
f 3260 	2875 	2881
f 2881 	2897 	2899
f 3314 	3181 	3347
f 3347 	3264 	2937
f 2937 	2949 	2959
f 2959 	3315 	3183
f 2965 	2967 	2976
f 2976 	2991 	3184
f 3348 	3316 	3005
f 3005 	3187 	3018
f 3188 	3190 	3318
f 3349 	3191 	3192
f 3192 	3063 	3319
f 3350 	3267 	3320
f 3194 	3321 	3351
f 3196 	3270 	3082
f 3352 	3198 	3272
f 3353 	3322 	1871
f 3092 	3324 	3354
f 2016 	3203 	3204
f 2098 	3326 	3355
f 3356 	3280 	2184
f 3357 	3329 	2240
f 2299 	3332 	3358
f 3359 	3333 	3118
f 3360 	3291 	2338
f 3334 	2304 	2385
f 2454 	3297 	3361
f 3362 	3298 	3130
f 3363 	2483 	2466
f 2494 	3300 	3336
f 2506 	3302 	3136
f 2523 	3337 	3364
f 2556 	3338 	2566
f 3303 	3339 	3365
f 3340 	2589 	3305
f 3366 	3240 	3306
f 2626 	3341 	3367
f 2646 	3342 	3368
f 3152 	3343 	3369
f 3370 	3344 	3247
f 3156 	3248 	3371
f 3250 	2634 	2712
f 3346 	3254 	2766
f 2775 	2785 	2788
f 2809 	2827 	2840
f 3372 	3313 	3259
f 3373 	3260 	2881
f 2881 	2899 	3177
f 3347 	2937 	2959
f 2959 	3183 	3374
f 3375 	2965 	2976
f 3184 	3348 	3005
f 3005 	3018 	3317
f 3188 	3318 	3376
f 3377 	3349 	3192
f 3192 	3319 	3378
f 3379 	3350 	3320
f 3320 	3194 	3351
f 3196 	3082 	3380
f 3380 	3352 	3272
f 3381 	3353 	1871
f 3092 	3354 	3093
f 3382 	3356 	2184
f 3383 	3357 	2240
f 2299 	3358 	3115
f 3384 	3359 	3118
f 3385 	3360 	2338
f 3386 	3334 	2385
f 2454 	3361 	3387
f 3363 	2466 	2494
f 3388 	2506 	3136
f 2523 	3364 	2533
f 3389 	3340 	3305
f 3366 	3306 	3147
f 2626 	3367 	3390
f 2646 	3368 	3391
f 3152 	3369 	3392
f 3370 	3247 	3393
f 3156 	3371 	3394
f 3161 	3250 	2712
f 3395 	3346 	2766
f 2775 	2788 	2793
f 3373 	2881 	3177
f 3314 	3347 	2959
f 2959 	3374 	3375
f 3005 	3317 	3023
f 3396 	3188 	3376
f 3376 	3377 	3192
f 3192 	3378 	3379
f 3379 	3320 	3351
f 3381 	1871 	3397
f 3398 	3382 	2184
f 3216 	2299 	3115
f 3384 	3118 	3399
f 3400 	3385 	2338
f 3401 	3386 	2385
f 2454 	3387 	3402
f 3403 	3363 	2494
f 2523 	2533 	3234
f 3404 	3389 	3305
f 3405 	3366 	3147
f 2626 	3390 	3406
f 2646 	3391 	3151
f 3370 	3393 	3154
f 3156 	3394 	3407
f 3408 	3161 	2712
f 3395 	2766 	3409
f 3410 	2775 	2793
f 3373 	3177 	3261
f 3314 	2959 	3375
f 3005 	3023 	3025
f 3379 	3351 	3411
f 3272 	3381 	3397
f 2161 	3398 	2184
f 3216 	3115 	3116
f 3384 	3399 	3119
f 3412 	3400 	2338
f 3413 	3401 	2385
f 2454 	3402 	3414
f 3415 	3403 	2494
f 2523 	3234 	3416
f 3365 	3404 	3305
f 3405 	3147 	3307
f 2626 	3406 	3417
f 3156 	3407 	3159
f 3418 	3408 	2712
f 3395 	3409 	3419
f 3420 	3410 	2793
f 3373 	3261 	3421
f 3314 	3375 	2976
f 3005 	3025 	3422
f 3379 	3411 	3423
f 3380 	3272 	3397
f 2157 	2161 	2184
f 3216 	3116 	3117
f 3384 	3119 	3290
f 3424 	3412 	2338
f 3425 	3413 	2385
f 2454 	3414 	3426
f 3427 	3415 	2494
f 2523 	3416 	3428
f 3303 	3365 	3305
f 3429 	3405 	3307
f 2626 	3417 	3430
f 3310 	3156 	3159
f 3431 	3418 	2712
f 3395 	3419 	3432
f 3433 	3420 	2793
f 3373 	3421 	3434
f 3435 	3314 	2976
f 3005 	3422 	3396
f 3379 	3423 	3269
f 3380 	3397 	3436
f 3437 	2157 	2184
f 3216 	3117 	3217
f 3438 	3384 	3290
f 3439 	3424 	2338
f 3440 	3425 	2385
f 2454 	3426 	3129
f 3441 	3427 	2494
f 2523 	3428 	3442
f 3443 	3303 	3305
f 3444 	3429 	3307
f 2626 	3430 	3445
f 3154 	3310 	3159
f 3249 	3431 	2712
f 3395 	3432 	3446
f 3447 	3433 	2793
f 2925 	3435 	2976
f 3005 	3396 	3376
f 3379 	3269 	3196
f 3380 	3436 	3448
f 3449 	3437 	2184
f 3216 	3217 	3438
f 3438 	3290 	3450
f 3451 	3439 	2338
f 3452 	3440 	2385
f 2446 	2454 	3129
f 3453 	3441 	2494
f 2523 	3442 	3138
f 3454 	3444 	3307
f 2626 	3445 	3455
f 3160 	3249 	2712
f 3456 	3447 	2793
f 3263 	2925 	2976
f 3380 	3448 	3457
f 3458 	3449 	2184
f 3216 	3438 	3450
f 3451 	2338 	2351
f 3459 	3452 	2385
f 2446 	3129 	3225
f 3453 	2494 	3336
f 3136 	2523 	3138
f 3460 	3454 	3307
f 3307 	2626 	3455
f 3461 	3160 	2712
f 3462 	3456 	2793
f 3463 	3263 	2976
f 3458 	2184 	2195
f 2282 	3216 	3450
f 3464 	3451 	2351
f 3465 	3459 	2385
f 2446 	3225 	3466
f 3227 	3453 	3336
f 3136 	3138 	3139
f 3467 	3460 	3307
f 3307 	3455 	3468
f 3469 	3461 	2712
f 3470 	3463 	2976
f 3209 	3458 	2195
f 2280 	2282 	3450
f 3471 	3464 	2351
f 3472 	3465 	2385
f 2446 	3466 	3473
f 3131 	3227 	3336
f 3136 	3139 	3140
f 3307 	3468 	2637
f 3469 	2712 	2725
f 3474 	3470 	2976
f 2154 	3209 	2195
f 3475 	2280 	3450
f 3476 	3471 	2351
f 3472 	2385 	2393
f 2446 	3473 	3477
f 3130 	3131 	3336
f 3136 	3140 	3235
f 3307 	2637 	2641
f 3478 	3469 	2725
f 3474 	2976 	3184
f 2154 	2195 	3107
f 3479 	3476 	2351
f 3480 	3472 	2393
f 2446 	3477 	3481
f 3362 	3130 	3336
f 3136 	3235 	3482
f 3307 	2641 	3244
f 3483 	3478 	2725
f 3484 	3474 	3184
f 2140 	2154 	3107
f 3485 	3479 	2351
f 3486 	3480 	2393
f 2446 	3481 	3487
f 3488 	3362 	3336
f 3388 	3136 	3482
f 3307 	3244 	3489
f 3490 	3483 	2725
f 3491 	3484 	3184
f 2135 	2140 	3107
f 3492 	3485 	2351
f 3493 	3486 	2393
f 2446 	3487 	3494
f 3495 	3488 	3336
f 3230 	3388 	3482
f 3307 	3489 	2645
f 3345 	3490 	2725
f 3496 	3491 	3184
f 3497 	2135 	3107
f 3498 	3492 	2351
f 3499 	3493 	2393
f 3127 	2446 	3494
f 3500 	3495 	3336
f 3134 	3230 	3482
f 3467 	3307 	2645
f 3159 	3345 	2725
f 3501 	3496 	3184
f 3497 	3107 	3210
f 3502 	3498 	2351
f 3503 	3499 	2393
f 3127 	3494 	3504
f 3505 	3500 	3336
f 3134 	3482 	3141
f 3467 	2645 	2647
f 3506 	2647 	2646
f 3159 	2725 	3164
f 2920 	3501 	3184
f 3497 	3210 	2209
f 3507 	3502 	2351
f 3508 	3503 	2393
f 3127 	3504 	3509
f 3505 	3336 	3510
f 3134 	3141 	3236
f 3467 	2647 	3511
f 3512 	3506 	2646
f 3154 	3159 	3164
f 2918 	2920 	3184
f 3104 	3497 	2209
f 3513 	3507 	2351
f 3514 	3508 	2393
f 3127 	3509 	3515
f 3505 	3510 	3516
f 3517 	3134 	3236
f 3518 	3467 	3511
f 3512 	2646 	3151
f 3154 	3164 	3165
f 3179 	2918 	3184
f 3328 	3104 	2209
f 3513 	2351 	2359
f 3519 	3514 	2393
f 3127 	3515 	3520
f 3521 	3505 	3516
f 3522 	3517 	3236
f 3518 	3511 	3523
f 3524 	3512 	3151
f 3154 	3165 	2736
f 3178 	3179 	3184
f 3328 	2209 	2211
f 3525 	3513 	2359
f 3519 	2393 	2401
f 3127 	3520 	3526
f 3527 	3521 	3516
f 3528 	3522 	3236
f 3529 	3518 	3305
f 3305 	3518 	3523
f 3523 	3524 	3151
f 3154 	2736 	2738
f 3530 	3178 	3184
f 3328 	2211 	2220
f 3218 	3525 	2359
f 3531 	3519 	2401
f 3127 	3526 	3527
f 3527 	3516 	3532
f 3533 	3529 	3305
f 3305 	3523 	3151
f 3370 	3154 	2738
f 3534 	3530 	3184
f 3102 	3328 	2220
f 3120 	3218 	2359
f 3535 	3531 	2401
f 3127 	3527 	3532
f 3536 	3533 	3305
f 3305 	3151 	3152
f 3370 	2738 	3166
f 3534 	3184 	3005
f 2127 	3102 	2220
f 3450 	3120 	2359
f 3537 	3535 	2401
f 3538 	3127 	3532
f 3539 	3536 	3305
f 3305 	3152 	3392
f 3370 	3166 	3252
f 3540 	3534 	3005
f 2127 	2220 	3108
f 3450 	2359 	3122
f 3541 	3537 	2401
f 3542 	3538 	3532
f 3543 	3539 	3305
f 3443 	3305 	3392
f 3544 	3370 	3252
f 3262 	3540 	3005
f 2127 	3108 	3545
f 3475 	3450 	3122
f 3546 	3541 	2401
f 3547 	3542 	3532
f 3548 	3543 	3305
f 3443 	3392 	3549
f 3550 	3544 	3252
f 2909 	3262 	3005
f 2127 	3545 	3551
f 3475 	3122 	3220
f 3552 	3546 	2401
f 3553 	3547 	3532
f 3554 	3548 	3305
f 3443 	3549 	3550
f 3550 	3252 	3555
f 2905 	2909 	3005
f 2127 	3551 	3211
f 3556 	3552 	2401
f 3553 	3532 	3557
f 3558 	3554 	3305
f 3443 	3550 	3555
f 3559 	2905 	3005
f 2114 	2127 	3211
f 3560 	3556 	2401
f 3561 	3553 	3557
f 3562 	3558 	3305
f 3563 	3443 	3555
f 3434 	3559 	3005
f 2114 	3211 	3283
f 3560 	2401 	2409
f 3564 	3562 	3305
f 3238 	3563 	3555
f 3373 	3434 	3005
f 2114 	3283 	3565
f 3566 	3560 	2409
f 3567 	3564 	3305
f 3143 	3238 	3555
f 3373 	3005 	3376
f 2114 	3565 	3568
f 3569 	3566 	2409
f 2550 	3567 	3305
f 3570 	3143 	3555
f 3571 	3373 	3376
f 2114 	3568 	3572
f 3573 	3569 	2409
f 2548 	2550 	3305
f 3574 	3570 	3555
f 3259 	3571 	3376
f 3327 	2114 	3572
f 3575 	3573 	2409
f 3236 	2548 	3305
f 3576 	3574 	3555
f 3372 	3259 	3376
f 3577 	3327 	3572
f 3578 	3575 	2409
f 3236 	3305 	3579
f 3580 	3576 	3555
f 3257 	3372 	3376
f 3577 	3572 	3383
f 3581 	3578 	2409
f 3236 	3579 	3582
f 3583 	3580 	3555
f 3257 	3376 	3192
f 3584 	3577 	3383
f 3581 	2409 	2417
f 3236 	3582 	3585
f 3586 	3583 	3555
f 3173 	3257 	3192
f 3584 	3383 	2240
f 3587 	3581 	2417
f 3236 	3585 	3588
f 3586 	3555 	3589
f 2855 	3173 	3192
f 3590 	3584 	2240
f 3591 	3587 	2417
f 3586 	3589 	3592
f 2854 	2855 	3192
f 3593 	3590 	2240
f 3594 	3591 	2417
f 3586 	3592 	3395
f 3171 	2854 	3192
f 3595 	3593 	2240
f 3596 	3594 	2417
f 2849 	3171 	3192
f 3597 	3595 	2240
f 3598 	3596 	2417
f 2849 	3192 	3379
f 3599 	3597 	2240
f 3600 	3598 	2417
f 2840 	2849 	3379
f 3601 	3599 	2240
f 3602 	3600 	2417
f 2840 	3379 	3196
f 3601 	2240 	2248
f 3603 	3602 	2417
f 2840 	3196 	3380
f 3604 	3601 	2248
f 3605 	3603 	2417
f 2809 	2840 	3380
f 3355 	3604 	2248
f 3220 	3605 	2417
f 2809 	3380 	3457
f 3355 	2248 	3284
f 3220 	2417 	3293
f 2809 	3457 	3606
f 2098 	3355 	3284
f 3475 	3220 	3293
f 2809 	3606 	3607
f 2098 	3284 	3608
f 3609 	3475 	3293
f 2809 	3607 	3610
f 2098 	3608 	3611
f 3215 	3609 	3293
f 2809 	3610 	3612
f 2098 	3611 	3613
f 3112 	3215 	3293
f 2809 	3612 	3614
f 2098 	3613 	3615
f 3616 	3112 	3293
f 2809 	3614 	3617
f 2098 	3615 	3618
f 3619 	3616 	3293
f 2809 	3617 	3620
f 2098 	3618 	3621
f 2809 	3620 	3622
f 2098 	3621 	3213
f 2809 	3622 	3623
f 2085 	2098 	3213
f 2809 	3623 	3624
f 2085 	3213 	3285
f 2801 	2809 	3624
f 2085 	3285 	3625
f 2801 	3624 	3626
f 3205 	2085 	3625
f 2801 	3626 	3627
f 3205 	3625 	3628
f 2801 	3627 	3629
f 3205 	3628 	3630
f 2801 	3629 	3631
f 3205 	3630 	3632
f 2801 	3631 	3633
f 3205 	3632 	3634
f 2801 	3633 	3635
f 3205 	3634 	3636
f 2793 	2801 	3635
f 3205 	3636 	3330
f 2793 	3635 	1872
f 3205 	3330 	2267
f 2793 	1872 	1874
f 3205 	2267 	3331
f 2793 	1874 	1875
f 3205 	3331 	3637
f 3462 	2793 	1875
f 3205 	3637 	3638
f 3639 	3462 	1875
f 3205 	3638 	3640
f 3641 	3639 	1875
f 3205 	3640 	3642
f 3641 	1875 	1883
f 2070 	3205 	3642
f 3643 	3641 	1883
f 2070 	3642 	3644
f 3645 	3643 	1883
f 2070 	3644 	3646
f 3647 	3645 	1883
f 2070 	3646 	3648
f 3255 	3647 	1883
f 2070 	3648 	3649
f 3169 	3255 	1883
f 2070 	3649 	3650
f 3169 	1883 	1895
f 2070 	3650 	3651
f 3652 	3169 	1895
f 2070 	3651 	3653
f 2771 	3652 	1895
f 2070 	3653 	3654
f 2767 	2771 	1895
f 2070 	3654 	3655
f 3656 	2767 	1895
f 2070 	3655 	3657
f 3658 	3656 	1895
f 2056 	2070 	3657
f 3659 	3658 	1895
f 2056 	3657 	3660
f 3661 	3659 	1895
f 2056 	3660 	3111
f 3661 	1895 	3323
f 2056 	3111 	3214
f 3662 	3661 	3323
f 2056 	3214 	3663
f 3446 	3662 	3323
f 2056 	3663 	3664
f 3395 	3446 	3323
f 2056 	3664 	3665
f 3395 	3323 	3666
f 2056 	3665 	3619
f 3395 	3666 	3092
f 3276 	2056 	3619
f 3586 	3395 	3092
f 3276 	3619 	3293
f 3667 	3586 	3092
f 3097 	3276 	3293
f 3667 	3092 	3093
f 2046 	3097 	3293
f 2570 	3667 	3093
f 2044 	2046 	3293
f 2566 	2570 	3093
f 2044 	3293 	3223
f 2556 	2566 	3093
f 2044 	3223 	3294
f 2556 	3093 	1929
f 2044 	3294 	3668
f 2556 	1929 	1936
f 2044 	3668 	3669
f 3142 	2556 	1936
f 2044 	3669 	3670
f 3671 	3142 	1936
f 2044 	3670 	3672
f 3673 	3671 	1936
f 2036 	2044 	3672
f 3674 	3673 	1936
f 2036 	3672 	3675
f 3676 	3674 	1936
f 2036 	3675 	3677
f 3676 	1936 	1941
f 2036 	3677 	3678
f 3679 	3676 	1941
f 2036 	3678 	3680
f 3681 	3679 	1941
f 2036 	3680 	3682
f 3683 	3681 	1941
f 3204 	2036 	3682
f 3684 	3683 	1941
f 3204 	3682 	3126
f 3684 	1941 	1949
f 3204 	3126 	3295
f 3685 	3684 	1949
f 3204 	3295 	3686
f 3687 	3685 	1949
f 3204 	3686 	3688
f 3689 	3687 	1949
f 2016 	3204 	3688
f 3690 	3689 	1949
f 2016 	3688 	3691
f 3692 	3690 	1949
f 2016 	3691 	3296
f 3693 	3692 	1949
f 2016 	3296 	3335
f 3694 	3693 	1949
f 2016 	3335 	3695
f 3696 	3694 	1949
f 2008 	2016 	3695
f 3696 	1949 	1961
f 2008 	3695 	2437
f 3697 	3696 	1961
f 2008 	2437 	2439
f 3588 	3697 	1961
f 2008 	2439 	3698
f 3236 	3588 	1961
f 2008 	3698 	3699
f 3236 	1961 	1968
f 2008 	3699 	3700
f 3236 	1968 	3325
f 2008 	3700 	3701
f 3528 	3236 	3325
f 2008 	3701 	3702
f 3703 	3528 	3325
f 2008 	3702 	3561
f 3703 	3325 	1977
f 3095 	2008 	3561
f 3704 	3703 	1977
f 3095 	3561 	3557
f 3705 	3704 	1977
f 1997 	3095 	3557
f 3706 	3705 	1977
f 1997 	3557 	3707
f 3708 	3706 	1977
f 1997 	3707 	3709
f 3708 	1977 	1981
f 1997 	3709 	3710
f 3711 	3708 	1981
f 1997 	3710 	3712
f 3713 	3711 	1981
f 1997 	3712 	3714
f 3715 	3713 	1981
f 1997 	3714 	3716
f 3717 	3715 	1981
f 1997 	3716 	3718
f 3719 	3717 	1981
f 1997 	3718 	3720
f 3721 	3719 	1981
f 1989 	1997 	3720
f 3722 	3721 	1981
f 1989 	3720 	3723
f 3722 	1981 	1989
f 1989 	3723 	3724
f 3725 	3722 	1989
f 1989 	3724 	3726
f 3727 	3725 	1989
f 1989 	3726 	3728
f 3728 	3727 	1989
f 1224 	1223 	3086
f 1223 	3087 	3086
f 1223 	1222 	3087
f 1222 	3088 	3087
f 1222 	1408 	3088
f 1408 	3272 	3088
f 1408 	1517 	3272
f 1517 	3381 	3272
f 1517 	1489 	3381
f 1489 	3353 	3381
f 1489 	1458 	3353
f 1458 	3322 	3353
f 1458 	1336 	3322
f 1336 	3200 	3322
f 1336 	1227 	3200
f 1227 	3089 	3200
f 1227 	1226 	3089
f 1226 	3090 	3089
f 1226 	1225 	3090
f 1225 	3091 	3090
f 1225 	3 	3091
f 3 	1865 	3091
f 3 	2 	1865
f 2 	1866 	1865
f 2 	1 	1866
f 1 	1867 	1866
f 1 	5 	1867
f 5 	1868 	1867
f 5 	4 	1868
f 4 	1869 	1868
f 4 	7 	1869
f 7 	1870 	1869
f 7 	6 	1870
f 6 	1871 	1870
f 6 	1533 	1871
f 1533 	3397 	1871
f 1533 	1572 	3397
f 1572 	3436 	3397
f 1572 	1584 	3436
f 1584 	3448 	3436
f 1584 	1593 	3448
f 1593 	3457 	3448
f 1593 	1742 	3457
f 1742 	3606 	3457
f 1742 	1743 	3606
f 1743 	3607 	3606
f 1743 	1746 	3607
f 1746 	3610 	3607
f 1746 	1748 	3610
f 1748 	3612 	3610
f 1748 	1750 	3612
f 1750 	3614 	3612
f 1750 	1753 	3614
f 1753 	3617 	3614
f 1753 	1756 	3617
f 1756 	3620 	3617
f 1756 	1758 	3620
f 1758 	3622 	3620
f 1758 	1759 	3622
f 1759 	3623 	3622
f 1759 	1760 	3623
f 1760 	3624 	3623
f 1760 	1762 	3624
f 1762 	3626 	3624
f 1762 	1763 	3626
f 1763 	3627 	3626
f 1763 	1765 	3627
f 1765 	3629 	3627
f 1765 	1767 	3629
f 1767 	3631 	3629
f 1767 	1769 	3631
f 1769 	3633 	3631
f 1769 	1771 	3633
f 1771 	3635 	3633
f 1771 	10 	3635
f 10 	1872 	3635
f 10 	9 	1872
f 9 	1873 	1872
f 9 	8 	1873
f 8 	1874 	1873
f 8 	13 	1874
f 13 	1875 	1874
f 13 	12 	1875
f 12 	1876 	1875
f 12 	11 	1876
f 11 	1877 	1876
f 11 	15 	1877
f 15 	1878 	1877
f 15 	14 	1878
f 14 	1879 	1878
f 14 	17 	1879
f 17 	1880 	1879
f 17 	16 	1880
f 16 	1881 	1880
f 16 	19 	1881
f 19 	1882 	1881
f 19 	18 	1882
f 18 	1883 	1882
f 18 	21 	1883
f 21 	1884 	1883
f 21 	20 	1884
f 20 	1885 	1884
f 20 	23 	1885
f 23 	1886 	1885
f 23 	22 	1886
f 22 	1887 	1886
f 22 	25 	1887
f 25 	1888 	1887
f 25 	24 	1888
f 24 	1889 	1888
f 24 	27 	1889
f 27 	1890 	1889
f 27 	26 	1890
f 26 	1891 	1890
f 26 	29 	1891
f 29 	1892 	1891
f 29 	28 	1892
f 28 	1893 	1892
f 28 	31 	1893
f 31 	1894 	1893
f 31 	30 	1894
f 30 	1895 	1894
f 30 	34 	1895
f 34 	1896 	1895
f 34 	33 	1896
f 33 	1897 	1896
f 33 	32 	1897
f 32 	1898 	1897
f 32 	36 	1898
f 36 	1899 	1898
f 36 	35 	1899
f 35 	1900 	1899
f 35 	38 	1900
f 38 	1901 	1900
f 38 	37 	1901
f 37 	1902 	1901
f 37 	40 	1902
f 40 	1903 	1902
f 40 	39 	1903
f 39 	1904 	1903
f 39 	42 	1904
f 42 	1905 	1904
f 42 	41 	1905
f 41 	1906 	1905
f 41 	44 	1906
f 44 	1907 	1906
f 44 	43 	1907
f 43 	1908 	1907
f 43 	1459 	1908
f 1459 	3323 	1908
f 1459 	1802 	3323
f 1802 	3666 	3323
f 1802 	1228 	3666
f 1228 	3092 	3666
f 1228 	47 	3092
f 47 	1909 	3092
f 47 	46 	1909
f 46 	1910 	1909
f 46 	45 	1910
f 45 	1911 	1910
f 45 	49 	1911
f 49 	1912 	1911
f 49 	48 	1912
f 48 	1913 	1912
f 48 	51 	1913
f 51 	1914 	1913
f 51 	50 	1914
f 50 	1915 	1914
f 50 	53 	1915
f 53 	1916 	1915
f 53 	52 	1916
f 52 	1917 	1916
f 52 	55 	1917
f 55 	1918 	1917
f 55 	54 	1918
f 54 	1919 	1918
f 54 	57 	1919
f 57 	1920 	1919
f 57 	56 	1920
f 56 	1921 	1920
f 56 	59 	1921
f 59 	1922 	1921
f 59 	58 	1922
f 58 	1923 	1922
f 58 	1460 	1923
f 1460 	3324 	1923
f 1460 	1490 	3324
f 1490 	3354 	3324
f 1490 	1229 	3354
f 1229 	3093 	3354
f 1229 	62 	3093
f 62 	1924 	3093
f 62 	61 	1924
f 61 	1925 	1924
f 61 	60 	1925
f 60 	1926 	1925
f 60 	65 	1926
f 65 	1927 	1926
f 65 	64 	1927
f 64 	1928 	1927
f 64 	63 	1928
f 63 	1929 	1928
f 63 	1409 	1929
f 1409 	3273 	1929
f 1409 	1230 	3273
f 1230 	3094 	3273
f 1230 	68 	3094
f 68 	1930 	3094
f 68 	67 	1930
f 67 	1931 	1930
f 67 	66 	1931
f 66 	1932 	1931
f 66 	70 	1932
f 70 	1933 	1932
f 70 	69 	1933
f 69 	1934 	1933
f 69 	72 	1934
f 72 	1935 	1934
f 72 	71 	1935
f 71 	1936 	1935
f 71 	1410 	1936
f 1410 	3274 	1936
f 1410 	1337 	3274
f 1337 	3201 	3274
f 1337 	75 	3201
f 75 	1937 	3201
f 75 	74 	1937
f 74 	1938 	1937
f 74 	73 	1938
f 73 	1939 	1938
f 73 	77 	1939
f 77 	1940 	1939
f 77 	76 	1940
f 76 	1941 	1940
f 76 	79 	1941
f 79 	1942 	1941
f 79 	78 	1942
f 78 	1943 	1942
f 78 	81 	1943
f 81 	1944 	1943
f 81 	80 	1944
f 80 	1945 	1944
f 80 	83 	1945
f 83 	1946 	1945
f 83 	82 	1946
f 82 	1947 	1946
f 82 	85 	1947
f 85 	1948 	1947
f 85 	84 	1948
f 84 	1949 	1948
f 84 	87 	1949
f 87 	1950 	1949
f 87 	86 	1950
f 86 	1951 	1950
f 86 	89 	1951
f 89 	1952 	1951
f 89 	88 	1952
f 88 	1953 	1952
f 88 	91 	1953
f 91 	1954 	1953
f 91 	90 	1954
f 90 	1955 	1954
f 90 	93 	1955
f 93 	1956 	1955
f 93 	92 	1956
f 92 	1957 	1956
f 92 	95 	1957
f 95 	1958 	1957
f 95 	94 	1958
f 94 	1959 	1958
f 94 	97 	1959
f 97 	1960 	1959
f 97 	96 	1960
f 96 	1961 	1960
f 96 	100 	1961
f 100 	1962 	1961
f 100 	99 	1962
f 99 	1963 	1962
f 99 	98 	1963
f 98 	1964 	1963
f 98 	102 	1964
f 102 	1965 	1964
f 102 	101 	1965
f 101 	1966 	1965
f 101 	104 	1966
f 104 	1967 	1966
f 104 	103 	1967
f 103 	1968 	1967
f 103 	1461 	1968
f 1461 	3325 	1968
f 1461 	1411 	3325
f 1411 	3275 	3325
f 1411 	107 	3275
f 107 	1969 	3275
f 107 	106 	1969
f 106 	1970 	1969
f 106 	105 	1970
f 105 	1971 	1970
f 105 	109 	1971
f 109 	1972 	1971
f 109 	108 	1972
f 108 	1973 	1972
f 108 	111 	1973
f 111 	1974 	1973
f 111 	110 	1974
f 110 	1975 	1974
f 110 	113 	1975
f 113 	1976 	1975
f 113 	112 	1976
f 112 	1977 	1976
f 112 	115 	1977
f 115 	1978 	1977
f 115 	114 	1978
f 114 	1979 	1978
f 114 	117 	1979
f 117 	1980 	1979
f 117 	116 	1980
f 116 	1981 	1980
f 116 	119 	1981
f 119 	1982 	1981
f 119 	118 	1982
f 118 	1983 	1982
f 118 	121 	1983
f 121 	1984 	1983
f 121 	120 	1984
f 120 	1985 	1984
f 120 	123 	1985
f 123 	1986 	1985
f 123 	122 	1986
f 122 	1987 	1986
f 122 	125 	1987
f 125 	1988 	1987
f 125 	124 	1988
f 124 	1989 	1988
f 124 	127 	1989
f 127 	1990 	1989
f 127 	126 	1990
f 126 	1991 	1990
f 126 	129 	1991
f 129 	1992 	1991
f 129 	128 	1992
f 128 	1993 	1992
f 128 	131 	1993
f 131 	1994 	1993
f 131 	130 	1994
f 130 	1995 	1994
f 130 	133 	1995
f 133 	1996 	1995
f 133 	132 	1996
f 132 	1997 	1996
f 132 	135 	1997
f 135 	1998 	1997
f 135 	134 	1998
f 134 	1999 	1998
f 134 	137 	1999
f 137 	2000 	1999
f 137 	136 	2000
f 136 	2001 	2000
f 136 	1338 	2001
f 1338 	3202 	2001
f 1338 	1231 	3202
f 1231 	3095 	3202
f 1231 	140 	3095
f 140 	2002 	3095
f 140 	139 	2002
f 139 	2003 	2002
f 139 	138 	2003
f 138 	2004 	2003
f 138 	142 	2004
f 142 	2005 	2004
f 142 	141 	2005
f 141 	2006 	2005
f 141 	144 	2006
f 144 	2007 	2006
f 144 	143 	2007
f 143 	2008 	2007
f 143 	146 	2008
f 146 	2009 	2008
f 146 	145 	2009
f 145 	2010 	2009
f 145 	148 	2010
f 148 	2011 	2010
f 148 	147 	2011
f 147 	2012 	2011
f 147 	150 	2012
f 150 	2013 	2012
f 150 	149 	2013
f 149 	2014 	2013
f 149 	152 	2014
f 152 	2015 	2014
f 152 	151 	2015
f 151 	2016 	2015
f 151 	154 	2016
f 154 	2017 	2016
f 154 	153 	2017
f 153 	2018 	2017
f 153 	156 	2018
f 156 	2019 	2018
f 156 	155 	2019
f 155 	2020 	2019
f 155 	1232 	2020
f 1232 	3096 	2020
f 1232 	159 	3096
f 159 	2021 	3096
f 159 	158 	2021
f 158 	2022 	2021
f 158 	157 	2022
f 157 	2023 	2022
f 157 	161 	2023
f 161 	2024 	2023
f 161 	160 	2024
f 160 	2025 	2024
f 160 	163 	2025
f 163 	2026 	2025
f 163 	162 	2026
f 162 	2027 	2026
f 162 	165 	2027
f 165 	2028 	2027
f 165 	164 	2028
f 164 	2029 	2028
f 164 	167 	2029
f 167 	2030 	2029
f 167 	166 	2030
f 166 	2031 	2030
f 166 	1339 	2031
f 1339 	3203 	2031
f 1339 	1340 	3203
f 1340 	3204 	3203
f 1340 	170 	3204
f 170 	2032 	3204
f 170 	169 	2032
f 169 	2033 	2032
f 169 	168 	2033
f 168 	2034 	2033
f 168 	172 	2034
f 172 	2035 	2034
f 172 	171 	2035
f 171 	2036 	2035
f 171 	174 	2036
f 174 	2037 	2036
f 174 	173 	2037
f 173 	2038 	2037
f 173 	176 	2038
f 176 	2039 	2038
f 176 	175 	2039
f 175 	2040 	2039
f 175 	178 	2040
f 178 	2041 	2040
f 178 	177 	2041
f 177 	2042 	2041
f 177 	180 	2042
f 180 	2043 	2042
f 180 	179 	2043
f 179 	2044 	2043
f 179 	182 	2044
f 182 	2045 	2044
f 182 	181 	2045
f 181 	2046 	2045
f 181 	184 	2046
f 184 	2047 	2046
f 184 	183 	2047
f 183 	2048 	2047
f 183 	1233 	2048
f 1233 	3097 	2048
f 1233 	1412 	3097
f 1412 	3276 	3097
f 1412 	187 	3276
f 187 	2049 	3276
f 187 	186 	2049
f 186 	2050 	2049
f 186 	185 	2050
f 185 	2051 	2050
f 185 	190 	2051
f 190 	2052 	2051
f 190 	189 	2052
f 189 	2053 	2052
f 189 	188 	2053
f 188 	2054 	2053
f 188 	192 	2054
f 192 	2055 	2054
f 192 	191 	2055
f 191 	2056 	2055
f 191 	194 	2056
f 194 	2057 	2056
f 194 	193 	2057
f 193 	2058 	2057
f 193 	196 	2058
f 196 	2059 	2058
f 196 	195 	2059
f 195 	2060 	2059
f 195 	198 	2060
f 198 	2061 	2060
f 198 	197 	2061
f 197 	2062 	2061
f 197 	200 	2062
f 200 	2063 	2062
f 200 	199 	2063
f 199 	2064 	2063
f 199 	202 	2064
f 202 	2065 	2064
f 202 	201 	2065
f 201 	2066 	2065
f 201 	204 	2066
f 204 	2067 	2066
f 204 	203 	2067
f 203 	2068 	2067
f 203 	206 	2068
f 206 	2069 	2068
f 206 	205 	2069
f 205 	2070 	2069
f 205 	208 	2070
f 208 	2071 	2070
f 208 	207 	2071
f 207 	2072 	2071
f 207 	210 	2072
f 210 	2073 	2072
f 210 	209 	2073
f 209 	2074 	2073
f 209 	212 	2074
f 212 	2075 	2074
f 212 	211 	2075
f 211 	2076 	2075
f 211 	214 	2076
f 214 	2077 	2076
f 214 	213 	2077
f 213 	2078 	2077
f 213 	216 	2078
f 216 	2079 	2078
f 216 	215 	2079
f 215 	2080 	2079
f 215 	1234 	2080
f 1234 	3098 	2080
f 1234 	1341 	3098
f 1341 	3205 	3098
f 1341 	219 	3205
f 219 	2081 	3205
f 219 	218 	2081
f 218 	2082 	2081
f 218 	217 	2082
f 217 	2083 	2082
f 217 	221 	2083
f 221 	2084 	2083
f 221 	220 	2084
f 220 	2085 	2084
f 220 	223 	2085
f 223 	2086 	2085
f 223 	222 	2086
f 222 	2087 	2086
f 222 	225 	2087
f 225 	2088 	2087
f 225 	224 	2088
f 224 	2089 	2088
f 224 	227 	2089
f 227 	2090 	2089
f 227 	226 	2090
f 226 	2091 	2090
f 226 	1235 	2091
f 1235 	3099 	2091
f 1235 	230 	3099
f 230 	2092 	3099
f 230 	229 	2092
f 229 	2093 	2092
f 229 	228 	2093
f 228 	2094 	2093
f 228 	232 	2094
f 232 	2095 	2094
f 232 	231 	2095
f 231 	2096 	2095
f 231 	234 	2096
f 234 	2097 	2096
f 234 	233 	2097
f 233 	2098 	2097
f 233 	236 	2098
f 236 	2099 	2098
f 236 	235 	2099
f 235 	2100 	2099
f 235 	238 	2100
f 238 	2101 	2100
f 238 	237 	2101
f 237 	2102 	2101
f 237 	240 	2102
f 240 	2103 	2102
f 240 	239 	2103
f 239 	2104 	2103
f 239 	243 	2104
f 243 	2105 	2104
f 243 	242 	2105
f 242 	2106 	2105
f 242 	241 	2106
f 241 	2107 	2106
f 241 	1236 	2107
f 1236 	3100 	2107
f 1236 	1342 	3100
f 1342 	3206 	3100
f 1342 	1462 	3206
f 1462 	3326 	3206
f 1462 	1491 	3326
f 1491 	3355 	3326
f 1491 	1740 	3355
f 1740 	3604 	3355
f 1740 	1737 	3604
f 1737 	3601 	3604
f 1737 	1735 	3601
f 1735 	3599 	3601
f 1735 	1733 	3599
f 1733 	3597 	3599
f 1733 	1731 	3597
f 1731 	3595 	3597
f 1731 	1729 	3595
f 1729 	3593 	3595
f 1729 	1726 	3593
f 1726 	3590 	3593
f 1726 	1720 	3590
f 1720 	3584 	3590
f 1720 	1713 	3584
f 1713 	3577 	3584
f 1713 	1463 	3577
f 1463 	3327 	3577
f 1463 	1413 	3327
f 1413 	3277 	3327
f 1413 	1237 	3277
f 1237 	3101 	3277
f 1237 	246 	3101
f 246 	2108 	3101
f 246 	245 	2108
f 245 	2109 	2108
f 245 	244 	2109
f 244 	2110 	2109
f 244 	248 	2110
f 248 	2111 	2110
f 248 	247 	2111
f 247 	2112 	2111
f 247 	250 	2112
f 250 	2113 	2112
f 250 	249 	2113
f 249 	2114 	2113
f 249 	252 	2114
f 252 	2115 	2114
f 252 	251 	2115
f 251 	2116 	2115
f 251 	254 	2116
f 254 	2117 	2116
f 254 	253 	2117
f 253 	2118 	2117
f 253 	1343 	2118
f 1343 	3207 	2118
f 1343 	1414 	3207
f 1414 	3278 	3207
f 1414 	257 	3278
f 257 	2119 	3278
f 257 	256 	2119
f 256 	2120 	2119
f 256 	255 	2120
f 255 	2121 	2120
f 255 	259 	2121
f 259 	2122 	2121
f 259 	258 	2122
f 258 	2123 	2122
f 258 	261 	2123
f 261 	2124 	2123
f 261 	260 	2124
f 260 	2125 	2124
f 260 	263 	2125
f 263 	2126 	2125
f 263 	262 	2126
f 262 	2127 	2126
f 262 	265 	2127
f 265 	2128 	2127
f 265 	264 	2128
f 264 	2129 	2128
f 264 	1238 	2129
f 1238 	3102 	2129
f 1238 	1464 	3102
f 1464 	3328 	3102
f 1464 	1415 	3328
f 1415 	3279 	3328
f 1415 	1239 	3279
f 1239 	3103 	3279
f 1239 	268 	3103
f 268 	2130 	3103
f 268 	267 	2130
f 267 	2131 	2130
f 267 	266 	2131
f 266 	2132 	2131
f 266 	270 	2132
f 270 	2133 	2132
f 270 	269 	2133
f 269 	2134 	2133
f 269 	1240 	2134
f 1240 	3104 	2134
f 1240 	1633 	3104
f 1633 	3497 	3104
f 1633 	273 	3497
f 273 	2135 	3497
f 273 	272 	2135
f 272 	2136 	2135
f 272 	271 	2136
f 271 	2137 	2136
f 271 	275 	2137
f 275 	2138 	2137
f 275 	274 	2138
f 274 	2139 	2138
f 274 	1344 	2139
f 1344 	3208 	2139
f 1344 	278 	3208
f 278 	2140 	3208
f 278 	277 	2140
f 277 	2141 	2140
f 277 	276 	2141
f 276 	2142 	2141
f 276 	280 	2142
f 280 	2143 	2142
f 280 	279 	2143
f 279 	2144 	2143
f 279 	282 	2144
f 282 	2145 	2144
f 282 	281 	2145
f 281 	2146 	2145
f 281 	284 	2146
f 284 	2147 	2146
f 284 	283 	2147
f 283 	2148 	2147
f 283 	286 	2148
f 286 	2149 	2148
f 286 	285 	2149
f 285 	2150 	2149
f 285 	288 	2150
f 288 	2151 	2150
f 288 	287 	2151
f 287 	2152 	2151
f 287 	290 	2152
f 290 	2153 	2152
f 290 	289 	2153
f 289 	2154 	2153
f 289 	292 	2154
f 292 	2155 	2154
f 292 	291 	2155
f 291 	2156 	2155
f 291 	1241 	2156
f 1241 	3105 	2156
f 1241 	1345 	3105
f 1345 	3209 	3105
f 1345 	1594 	3209
f 1594 	3458 	3209
f 1594 	1585 	3458
f 1585 	3449 	3458
f 1585 	1573 	3449
f 1573 	3437 	3449
f 1573 	295 	3437
f 295 	2157 	3437
f 295 	294 	2157
f 294 	2158 	2157
f 294 	293 	2158
f 293 	2159 	2158
f 293 	297 	2159
f 297 	2160 	2159
f 297 	296 	2160
f 296 	2161 	2160
f 296 	1534 	2161
f 1534 	3398 	2161
f 1534 	1518 	3398
f 1518 	3382 	3398
f 1518 	1492 	3382
f 1492 	3356 	3382
f 1492 	1416 	3356
f 1416 	3280 	3356
f 1416 	1242 	3280
f 1242 	3106 	3280
f 1242 	300 	3106
f 300 	2162 	3106
f 300 	299 	2162
f 299 	2163 	2162
f 299 	298 	2163
f 298 	2164 	2163
f 298 	302 	2164
f 302 	2165 	2164
f 302 	301 	2165
f 301 	2166 	2165
f 301 	304 	2166
f 304 	2167 	2166
f 304 	303 	2167
f 303 	2168 	2167
f 303 	306 	2168
f 306 	2169 	2168
f 306 	305 	2169
f 305 	2170 	2169
f 305 	308 	2170
f 308 	2171 	2170
f 308 	307 	2171
f 307 	2172 	2171
f 307 	310 	2172
f 310 	2173 	2172
f 310 	309 	2173
f 309 	2174 	2173
f 309 	312 	2174
f 312 	2175 	2174
f 312 	311 	2175
f 311 	2176 	2175
f 311 	314 	2176
f 314 	2177 	2176
f 314 	313 	2177
f 313 	2178 	2177
f 313 	316 	2178
f 316 	2179 	2178
f 316 	315 	2179
f 315 	2180 	2179
f 315 	318 	2180
f 318 	2181 	2180
f 318 	317 	2181
f 317 	2182 	2181
f 317 	320 	2182
f 320 	2183 	2182
f 320 	319 	2183
f 319 	2184 	2183
f 319 	322 	2184
f 322 	2185 	2184
f 322 	321 	2185
f 321 	2186 	2185
f 321 	324 	2186
f 324 	2187 	2186
f 324 	323 	2187
f 323 	2188 	2187
f 323 	327 	2188
f 327 	2189 	2188
f 327 	326 	2189
f 326 	2190 	2189
f 326 	325 	2190
f 325 	2191 	2190
f 325 	329 	2191
f 329 	2192 	2191
f 329 	328 	2192
f 328 	2193 	2192
f 328 	331 	2193
f 331 	2194 	2193
f 331 	330 	2194
f 330 	2195 	2194
f 330 	333 	2195
f 333 	2196 	2195
f 333 	332 	2196
f 332 	2197 	2196
f 332 	1243 	2197
f 1243 	3107 	2197
f 1243 	336 	3107
f 336 	2198 	3107
f 336 	335 	2198
f 335 	2199 	2198
f 335 	334 	2199
f 334 	2200 	2199
f 334 	1346 	2200
f 1346 	3210 	2200
f 1346 	1417 	3210
f 1417 	3281 	3210
f 1417 	339 	3281
f 339 	2201 	3281
f 339 	338 	2201
f 338 	2202 	2201
f 338 	337 	2202
f 337 	2203 	2202
f 337 	341 	2203
f 341 	2204 	2203
f 341 	340 	2204
f 340 	2205 	2204
f 340 	343 	2205
f 343 	2206 	2205
f 343 	342 	2206
f 342 	2207 	2206
f 342 	345 	2207
f 345 	2208 	2207
f 345 	344 	2208
f 344 	2209 	2208
f 344 	347 	2209
f 347 	2210 	2209
f 347 	346 	2210
f 346 	2211 	2210
f 346 	1418 	2211
f 1418 	3282 	2211
f 1418 	350 	3282
f 350 	2212 	3282
f 350 	349 	2212
f 349 	2213 	2212
f 349 	348 	2213
f 348 	2214 	2213
f 348 	352 	2214
f 352 	2215 	2214
f 352 	351 	2215
f 351 	2216 	2215
f 351 	354 	2216
f 354 	2217 	2216
f 354 	353 	2217
f 353 	2218 	2217
f 353 	356 	2218
f 356 	2219 	2218
f 356 	355 	2219
f 355 	2220 	2219
f 355 	358 	2220
f 358 	2221 	2220
f 358 	357 	2221
f 357 	2222 	2221
f 357 	1244 	2222
f 1244 	3108 	2222
f 1244 	1681 	3108
f 1681 	3545 	3108
f 1681 	1687 	3545
f 1687 	3551 	3545
f 1687 	1347 	3551
f 1347 	3211 	3551
f 1347 	361 	3211
f 361 	2223 	3211
f 361 	360 	2223
f 360 	2224 	2223
f 360 	359 	2224
f 359 	2225 	2224
f 359 	363 	2225
f 363 	2226 	2225
f 363 	362 	2226
f 362 	2227 	2226
f 362 	1419 	2227
f 1419 	3283 	2227
f 1419 	1701 	3283
f 1701 	3565 	3283
f 1701 	1704 	3565
f 1704 	3568 	3565
f 1704 	1708 	3568
f 1708 	3572 	3568
f 1708 	1519 	3572
f 1519 	3383 	3572
f 1519 	1493 	3383
f 1493 	3357 	3383
f 1493 	1465 	3357
f 1465 	3329 	3357
f 1465 	1348 	3329
f 1348 	3212 	3329
f 1348 	366 	3212
f 366 	2228 	3212
f 366 	365 	2228
f 365 	2229 	2228
f 365 	364 	2229
f 364 	2230 	2229
f 364 	368 	2230
f 368 	2231 	2230
f 368 	367 	2231
f 367 	2232 	2231
f 367 	370 	2232
f 370 	2233 	2232
f 370 	369 	2233
f 369 	2234 	2233
f 369 	372 	2234
f 372 	2235 	2234
f 372 	371 	2235
f 371 	2236 	2235
f 371 	374 	2236
f 374 	2237 	2236
f 374 	373 	2237
f 373 	2238 	2237
f 373 	376 	2238
f 376 	2239 	2238
f 376 	375 	2239
f 375 	2240 	2239
f 375 	378 	2240
f 378 	2241 	2240
f 378 	377 	2241
f 377 	2242 	2241
f 377 	380 	2242
f 380 	2243 	2242
f 380 	379 	2243
f 379 	2244 	2243
f 379 	382 	2244
f 382 	2245 	2244
f 382 	381 	2245
f 381 	2246 	2245
f 381 	384 	2246
f 384 	2247 	2246
f 384 	383 	2247
f 383 	2248 	2247
f 383 	386 	2248
f 386 	2249 	2248
f 386 	385 	2249
f 385 	2250 	2249
f 385 	388 	2250
f 388 	2251 	2250
f 388 	387 	2251
f 387 	2252 	2251
f 387 	391 	2252
f 391 	2253 	2252
f 391 	390 	2253
f 390 	2254 	2253
f 390 	389 	2254
f 389 	2255 	2254
f 389 	1420 	2255
f 1420 	3284 	2255
f 1420 	1744 	3284
f 1744 	3608 	3284
f 1744 	1747 	3608
f 1747 	3611 	3608
f 1747 	1749 	3611
f 1749 	3613 	3611
f 1749 	1751 	3613
f 1751 	3615 	3613
f 1751 	1754 	3615
f 1754 	3618 	3615
f 1754 	1757 	3618
f 1757 	3621 	3618
f 1757 	1349 	3621
f 1349 	3213 	3621
f 1349 	394 	3213
f 394 	2256 	3213
f 394 	393 	2256
f 393 	2257 	2256
f 393 	392 	2257
f 392 	2258 	2257
f 392 	396 	2258
f 396 	2259 	2258
f 396 	395 	2259
f 395 	2260 	2259
f 395 	1421 	2260
f 1421 	3285 	2260
f 1421 	1761 	3285
f 1761 	3625 	3285
f 1761 	1764 	3625
f 1764 	3628 	3625
f 1764 	1766 	3628
f 1766 	3630 	3628
f 1766 	1768 	3630
f 1768 	3632 	3630
f 1768 	1770 	3632
f 1770 	3634 	3632
f 1770 	1772 	3634
f 1772 	3636 	3634
f 1772 	1466 	3636
f 1466 	3330 	3636
f 1466 	1422 	3330
f 1422 	3286 	3330
f 1422 	1245 	3286
f 1245 	3109 	3286
f 1245 	399 	3109
f 399 	2261 	3109
f 399 	398 	2261
f 398 	2262 	2261
f 398 	397 	2262
f 397 	2263 	2262
f 397 	401 	2263
f 401 	2264 	2263
f 401 	400 	2264
f 400 	2265 	2264
f 400 	403 	2265
f 403 	2266 	2265
f 403 	402 	2266
f 402 	2267 	2266
f 402 	405 	2267
f 405 	2268 	2267
f 405 	404 	2268
f 404 	2269 	2268
f 404 	407 	2269
f 407 	2270 	2269
f 407 	406 	2270
f 406 	2271 	2270
f 406 	409 	2271
f 409 	2272 	2271
f 409 	408 	2272
f 408 	2273 	2272
f 408 	1246 	2273
f 1246 	3110 	2273
f 1246 	1423 	3110
f 1423 	3287 	3110
f 1423 	1467 	3287
f 1467 	3331 	3287
f 1467 	1773 	3331
f 1773 	3637 	3331
f 1773 	1774 	3637
f 1774 	3638 	3637
f 1774 	1776 	3638
f 1776 	3640 	3638
f 1776 	1778 	3640
f 1778 	3642 	3640
f 1778 	1780 	3642
f 1780 	3644 	3642
f 1780 	1782 	3644
f 1782 	3646 	3644
f 1782 	1784 	3646
f 1784 	3648 	3646
f 1784 	1785 	3648
f 1785 	3649 	3648
f 1785 	1786 	3649
f 1786 	3650 	3649
f 1786 	1787 	3650
f 1787 	3651 	3650
f 1787 	1789 	3651
f 1789 	3653 	3651
f 1789 	1790 	3653
f 1790 	3654 	3653
f 1790 	1791 	3654
f 1791 	3655 	3654
f 1791 	1793 	3655
f 1793 	3657 	3655
f 1793 	1796 	3657
f 1796 	3660 	3657
f 1796 	1247 	3660
f 1247 	3111 	3660
f 1247 	412 	3111
f 412 	2274 	3111
f 412 	411 	2274
f 411 	2275 	2274
f 411 	410 	2275
f 410 	2276 	2275
f 410 	1350 	2276
f 1350 	3214 	2276
f 1350 	1799 	3214
f 1799 	3663 	3214
f 1799 	1800 	3663
f 1800 	3664 	3663
f 1800 	1801 	3664
f 1801 	3665 	3664
f 1801 	1755 	3665
f 1755 	3619 	3665
f 1755 	1752 	3619
f 1752 	3616 	3619
f 1752 	1248 	3616
f 1248 	3112 	3616
f 1248 	415 	3112
f 415 	2277 	3112
f 415 	414 	2277
f 414 	2278 	2277
f 414 	413 	2278
f 413 	2279 	2278
f 413 	1351 	2279
f 1351 	3215 	2279
f 1351 	1745 	3215
f 1745 	3609 	3215
f 1745 	1611 	3609
f 1611 	3475 	3609
f 1611 	418 	3475
f 418 	2280 	3475
f 418 	417 	2280
f 417 	2281 	2280
f 417 	416 	2281
f 416 	2282 	2281
f 416 	1352 	2282
f 1352 	3216 	2282
f 1352 	421 	3216
f 421 	2283 	3216
f 421 	420 	2283
f 420 	2284 	2283
f 420 	419 	2284
f 419 	2285 	2284
f 419 	423 	2285
f 423 	2286 	2285
f 423 	422 	2286
f 422 	2287 	2286
f 422 	426 	2287
f 426 	2288 	2287
f 426 	425 	2288
f 425 	2289 	2288
f 425 	424 	2289
f 424 	2290 	2289
f 424 	1249 	2290
f 1249 	3113 	2290
f 1249 	429 	3113
f 429 	2291 	3113
f 429 	428 	2291
f 428 	2292 	2291
f 428 	427 	2292
f 427 	2293 	2292
f 427 	431 	2293
f 431 	2294 	2293
f 431 	430 	2294
f 430 	2295 	2294
f 430 	433 	2295
f 433 	2296 	2295
f 433 	432 	2296
f 432 	2297 	2296
f 432 	435 	2297
f 435 	2298 	2297
f 435 	434 	2298
f 434 	2299 	2298
f 434 	437 	2299
f 437 	2300 	2299
f 437 	436 	2300
f 436 	2301 	2300
f 436 	439 	2301
f 439 	2302 	2301
f 439 	438 	2302
f 438 	2303 	2302
f 438 	441 	2303
f 441 	2304 	2303
f 441 	510 	2304
f 510 	2373 	2304
f 510 	509 	2373
f 509 	2374 	2373
f 509 	512 	2374
f 512 	2375 	2374
f 512 	511 	2375
f 511 	2376 	2375
f 511 	515 	2376
f 515 	2377 	2376
f 515 	514 	2377
f 514 	2378 	2377
f 514 	513 	2378
f 513 	2379 	2378
f 513 	517 	2379
f 517 	2380 	2379
f 517 	516 	2380
f 516 	2381 	2380
f 516 	519 	2381
f 519 	2382 	2381
f 519 	518 	2382
f 518 	2383 	2382
f 518 	521 	2383
f 521 	2384 	2383
f 521 	520 	2384
f 520 	2385 	2384
f 520 	523 	2385
f 523 	2386 	2385
f 523 	522 	2386
f 522 	2387 	2386
f 522 	525 	2387
f 525 	2388 	2387
f 525 	524 	2388
f 524 	2389 	2388
f 524 	527 	2389
f 527 	2390 	2389
f 527 	526 	2390
f 526 	2391 	2390
f 526 	529 	2391
f 529 	2392 	2391
f 529 	528 	2392
f 528 	2393 	2392
f 528 	531 	2393
f 531 	2394 	2393
f 531 	530 	2394
f 530 	2395 	2394
f 530 	533 	2395
f 533 	2396 	2395
f 533 	532 	2396
f 532 	2397 	2396
f 532 	535 	2397
f 535 	2398 	2397
f 535 	534 	2398
f 534 	2399 	2398
f 534 	537 	2399
f 537 	2400 	2399
f 537 	536 	2400
f 536 	2401 	2400
f 536 	539 	2401
f 539 	2402 	2401
f 539 	538 	2402
f 538 	2403 	2402
f 538 	541 	2403
f 541 	2404 	2403
f 541 	540 	2404
f 540 	2405 	2404
f 540 	543 	2405
f 543 	2406 	2405
f 543 	542 	2406
f 542 	2407 	2406
f 542 	545 	2407
f 545 	2408 	2407
f 545 	544 	2408
f 544 	2409 	2408
f 544 	547 	2409
f 547 	2410 	2409
f 547 	546 	2410
f 546 	2411 	2410
f 546 	549 	2411
f 549 	2412 	2411
f 549 	548 	2412
f 548 	2413 	2412
f 548 	551 	2413
f 551 	2414 	2413
f 551 	550 	2414
f 550 	2415 	2414
f 550 	553 	2415
f 553 	2416 	2415
f 553 	552 	2416
f 552 	2417 	2416
f 552 	555 	2417
f 555 	2418 	2417
f 555 	554 	2418
f 554 	2419 	2418
f 554 	557 	2419
f 557 	2420 	2419
f 557 	556 	2420
f 556 	2421 	2420
f 556 	1358 	2421
f 1358 	3222 	2421
f 1358 	1429 	3222
f 1429 	3293 	3222
f 1429 	1359 	3293
f 1359 	3223 	3293
f 1359 	1261 	3223
f 1261 	3125 	3223
f 1261 	560 	3125
f 560 	2422 	3125
f 560 	559 	2422
f 559 	2423 	2422
f 559 	558 	2423
f 558 	2424 	2423
f 558 	1430 	2424
f 1430 	3294 	2424
f 1430 	1804 	3294
f 1804 	3668 	3294
f 1804 	1805 	3668
f 1805 	3669 	3668
f 1805 	1806 	3669
f 1806 	3670 	3669
f 1806 	1808 	3670
f 1808 	3672 	3670
f 1808 	1811 	3672
f 1811 	3675 	3672
f 1811 	1813 	3675
f 1813 	3677 	3675
f 1813 	1814 	3677
f 1814 	3678 	3677
f 1814 	1816 	3678
f 1816 	3680 	3678
f 1816 	1818 	3680
f 1818 	3682 	3680
f 1818 	1262 	3682
f 1262 	3126 	3682
f 1262 	563 	3126
f 563 	2425 	3126
f 563 	562 	2425
f 562 	2426 	2425
f 562 	561 	2426
f 561 	2427 	2426
f 561 	565 	2427
f 565 	2428 	2427
f 565 	564 	2428
f 564 	2429 	2428
f 564 	567 	2429
f 567 	2430 	2429
f 567 	566 	2430
f 566 	2431 	2430
f 566 	1431 	2431
f 1431 	3295 	2431
f 1431 	1822 	3295
f 1822 	3686 	3295
f 1822 	1824 	3686
f 1824 	3688 	3686
f 1824 	1827 	3688
f 1827 	3691 	3688
f 1827 	1432 	3691
f 1432 	3296 	3691
f 1432 	1360 	3296
f 1360 	3224 	3296
f 1360 	570 	3224
f 570 	2432 	3224
f 570 	569 	2432
f 569 	2433 	2432
f 569 	568 	2433
f 568 	2434 	2433
f 568 	572 	2434
f 572 	2435 	2434
f 572 	571 	2435
f 571 	2436 	2435
f 571 	1471 	2436
f 1471 	3335 	2436
f 1471 	1831 	3335
f 1831 	3695 	3335
f 1831 	575 	3695
f 575 	2437 	3695
f 575 	574 	2437
f 574 	2438 	2437
f 574 	573 	2438
f 573 	2439 	2438
f 573 	1834 	2439
f 1834 	3698 	2439
f 1834 	1835 	3698
f 1835 	3699 	3698
f 1835 	1836 	3699
f 1836 	3700 	3699
f 1836 	1837 	3700
f 1837 	3701 	3700
f 1837 	1838 	3701
f 1838 	3702 	3701
f 1838 	1697 	3702
f 1697 	3561 	3702
f 1697 	1689 	3561
f 1689 	3553 	3561
f 1689 	1683 	3553
f 1683 	3547 	3553
f 1683 	1678 	3547
f 1678 	3542 	3547
f 1678 	1674 	3542
f 1674 	3538 	3542
f 1674 	1263 	3538
f 1263 	3127 	3538
f 1263 	578 	3127
f 578 	2440 	3127
f 578 	577 	2440
f 577 	2441 	2440
f 577 	576 	2441
f 576 	2442 	2441
f 576 	580 	2442
f 580 	2443 	2442
f 580 	579 	2443
f 579 	2444 	2443
f 579 	582 	2444
f 582 	2445 	2444
f 582 	581 	2445
f 581 	2446 	2445
f 581 	584 	2446
f 584 	2447 	2446
f 584 	583 	2447
f 583 	2448 	2447
f 583 	586 	2448
f 586 	2449 	2448
f 586 	585 	2449
f 585 	2450 	2449
f 585 	588 	2450
f 588 	2451 	2450
f 588 	587 	2451
f 587 	2452 	2451
f 587 	590 	2452
f 590 	2453 	2452
f 590 	589 	2453
f 589 	2454 	2453
f 589 	592 	2454
f 592 	2455 	2454
f 592 	591 	2455
f 591 	2456 	2455
f 591 	594 	2456
f 594 	2457 	2456
f 594 	593 	2457
f 593 	2458 	2457
f 593 	596 	2458
f 596 	2459 	2458
f 596 	595 	2459
f 595 	2460 	2459
f 595 	598 	2460
f 598 	2461 	2460
f 598 	597 	2461
f 597 	2462 	2461
f 597 	600 	2462
f 600 	2463 	2462
f 600 	599 	2463
f 599 	2464 	2463
f 599 	602 	2464
f 602 	2465 	2464
f 602 	601 	2465
f 601 	2466 	2465
f 601 	624 	2466
f 624 	2487 	2466
f 624 	623 	2487
f 623 	2488 	2487
f 623 	626 	2488
f 626 	2489 	2488
f 626 	625 	2489
f 625 	2490 	2489
f 625 	628 	2490
f 628 	2491 	2490
f 628 	627 	2491
f 627 	2492 	2491
f 627 	630 	2492
f 630 	2493 	2492
f 630 	629 	2493
f 629 	2494 	2493
f 629 	633 	2494
f 633 	2495 	2494
f 633 	632 	2495
f 632 	2496 	2495
f 632 	659 	2496
f 659 	2522 	2496
f 659 	658 	2522
f 658 	2523 	2522
f 658 	661 	2523
f 661 	2524 	2523
f 661 	660 	2524
f 660 	2525 	2524
f 660 	663 	2525
f 663 	2526 	2525
f 663 	662 	2526
f 662 	2527 	2526
f 662 	666 	2527
f 666 	2528 	2527
f 666 	665 	2528
f 665 	2529 	2528
f 665 	664 	2529
f 664 	2530 	2529
f 664 	1442 	2530
f 1442 	3306 	2530
f 1442 	1283 	3306
f 1283 	3147 	3306
f 1283 	736 	3147
f 736 	2598 	3147
f 736 	735 	2598
f 735 	2599 	2598
f 735 	734 	2599
f 734 	2600 	2599
f 734 	738 	2600
f 738 	2601 	2600
f 738 	737 	2601
f 737 	2602 	2601
f 737 	740 	2602
f 740 	2603 	2602
f 740 	739 	2603
f 739 	2604 	2603
f 739 	742 	2604
f 742 	2605 	2604
f 742 	741 	2605
f 741 	2606 	2605
f 741 	744 	2606
f 744 	2607 	2606
f 744 	743 	2607
f 743 	2608 	2607
f 743 	747 	2608
f 747 	2609 	2608
f 747 	746 	2609
f 746 	2610 	2609
f 746 	745 	2610
f 745 	2611 	2610
f 745 	749 	2611
f 749 	2612 	2611
f 749 	748 	2612
f 748 	2613 	2612
f 748 	1378 	2613
f 1378 	3242 	2613
f 1378 	1443 	3242
f 1443 	3307 	3242
f 1443 	752 	3307
f 752 	2614 	3307
f 752 	751 	2614
f 751 	2615 	2614
f 751 	750 	2615
f 750 	2616 	2615
f 750 	755 	2616
f 755 	2617 	2616
f 755 	754 	2617
f 754 	2618 	2617
f 754 	753 	2618
f 753 	2619 	2618
f 753 	1284 	2619
f 1284 	3148 	2619
f 1284 	1285 	3148
f 1285 	3149 	3148
f 1285 	758 	3149
f 758 	2620 	3149
f 758 	757 	2620
f 757 	2621 	2620
f 757 	756 	2621
f 756 	2622 	2621
f 756 	760 	2622
f 760 	2623 	2622
f 760 	759 	2623
f 759 	2624 	2623
f 759 	762 	2624
f 762 	2625 	2624
f 762 	761 	2625
f 761 	2626 	2625
f 761 	764 	2626
f 764 	2627 	2626
f 764 	763 	2627
f 763 	2628 	2627
f 763 	766 	2628
f 766 	2629 	2628
f 766 	765 	2629
f 765 	2630 	2629
f 765 	768 	2630
f 768 	2631 	2630
f 768 	767 	2631
f 767 	2632 	2631
f 767 	770 	2632
f 770 	2633 	2632
f 770 	769 	2633
f 769 	2634 	2633
f 769 	837 	2634
f 837 	2700 	2634
f 837 	836 	2700
f 836 	2701 	2700
f 836 	839 	2701
f 839 	2702 	2701
f 839 	838 	2702
f 838 	2703 	2702
f 838 	841 	2703
f 841 	2704 	2703
f 841 	840 	2704
f 840 	2705 	2704
f 840 	843 	2705
f 843 	2706 	2705
f 843 	842 	2706
f 842 	2707 	2706
f 842 	846 	2707
f 846 	2708 	2707
f 846 	845 	2708
f 845 	2709 	2708
f 845 	844 	2709
f 844 	2710 	2709
f 844 	848 	2710
f 848 	2711 	2710
f 848 	847 	2711
f 847 	2712 	2711
f 847 	850 	2712
f 850 	2713 	2712
f 850 	849 	2713
f 849 	2714 	2713
f 849 	852 	2714
f 852 	2715 	2714
f 852 	851 	2715
f 851 	2716 	2715
f 851 	854 	2716
f 854 	2717 	2716
f 854 	853 	2717
f 853 	2718 	2717
f 853 	856 	2718
f 856 	2719 	2718
f 856 	855 	2719
f 855 	2720 	2719
f 855 	858 	2720
f 858 	2721 	2720
f 858 	857 	2721
f 857 	2722 	2721
f 857 	1299 	2722
f 1299 	3163 	2722
f 1299 	861 	3163
f 861 	2723 	3163
f 861 	924 	2723
f 924 	2788 	2723
f 924 	926 	2788
f 926 	2789 	2788
f 926 	925 	2789
f 925 	2790 	2789
f 925 	928 	2790
f 928 	2791 	2790
f 928 	927 	2791
f 927 	2792 	2791
f 927 	931 	2792
f 931 	2793 	2792
f 931 	930 	2793
f 930 	2794 	2793
f 930 	929 	2794
f 929 	2795 	2794
f 929 	933 	2795
f 933 	2796 	2795
f 933 	932 	2796
f 932 	2797 	2796
f 932 	935 	2797
f 935 	2798 	2797
f 935 	934 	2798
f 934 	2799 	2798
f 934 	937 	2799
f 937 	2800 	2799
f 937 	936 	2800
f 936 	2801 	2800
f 936 	939 	2801
f 939 	2802 	2801
f 939 	938 	2802
f 938 	2803 	2802
f 938 	941 	2803
f 941 	2804 	2803
f 941 	940 	2804
f 940 	2805 	2804
f 940 	943 	2805
f 943 	2806 	2805
f 943 	942 	2806
f 942 	2807 	2806
f 942 	945 	2807
f 945 	2808 	2807
f 945 	944 	2808
f 944 	2809 	2808
f 944 	947 	2809
f 947 	2810 	2809
f 947 	946 	2810
f 946 	2811 	2810
f 946 	949 	2811
f 949 	2812 	2811
f 949 	948 	2812
f 948 	2813 	2812
f 948 	951 	2813
f 951 	2814 	2813
f 951 	950 	2814
f 950 	2815 	2814
f 950 	953 	2815
f 953 	2816 	2815
f 953 	952 	2816
f 952 	2817 	2816
f 952 	955 	2817
f 955 	2818 	2817
f 955 	954 	2818
f 954 	2819 	2818
f 954 	957 	2819
f 957 	2820 	2819
f 957 	956 	2820
f 956 	2821 	2820
f 956 	959 	2821
f 959 	2822 	2821
f 959 	958 	2822
f 958 	2823 	2822
f 958 	961 	2823
f 961 	2824 	2823
f 961 	960 	2824
f 960 	2825 	2824
f 960 	963 	2825
f 963 	2826 	2825
f 963 	962 	2826
f 962 	2827 	2826
f 962 	965 	2827
f 965 	2828 	2827
f 965 	964 	2828
f 964 	2829 	2828
f 964 	967 	2829
f 967 	2830 	2829
f 967 	966 	2830
f 966 	2831 	2830
f 966 	969 	2831
f 969 	2832 	2831
f 969 	968 	2832
f 968 	2833 	2832
f 968 	972 	2833
f 972 	2834 	2833
f 972 	971 	2834
f 971 	2835 	2834
f 971 	970 	2835
f 970 	2836 	2835
f 970 	974 	2836
f 974 	2837 	2836
f 974 	973 	2837
f 973 	2838 	2837
f 973 	976 	2838
f 976 	2839 	2838
f 976 	975 	2839
f 975 	2840 	2839
f 975 	979 	2840
f 979 	2841 	2840
f 979 	978 	2841
f 978 	2842 	2841
f 978 	977 	2842
f 977 	2843 	2842
f 977 	981 	2843
f 981 	2844 	2843
f 981 	980 	2844
f 980 	2845 	2844
f 980 	983 	2845
f 983 	2846 	2845
f 983 	982 	2846
f 982 	2847 	2846
f 982 	985 	2847
f 985 	2848 	2847
f 985 	984 	2848
f 984 	2849 	2848
f 984 	987 	2849
f 987 	2850 	2849
f 987 	986 	2850
f 986 	2851 	2850
f 986 	1306 	2851
f 1306 	3170 	2851
f 1306 	1307 	3170
f 1307 	3171 	3170
f 1307 	990 	3171
f 990 	2852 	3171
f 990 	989 	2852
f 989 	2853 	2852
f 989 	988 	2853
f 988 	2854 	2853
f 988 	993 	2854
f 993 	2855 	2854
f 993 	992 	2855
f 992 	2856 	2855
f 992 	991 	2856
f 991 	2857 	2856
f 991 	1308 	2857
f 1308 	3172 	2857
f 1308 	1309 	3172
f 1309 	3173 	3172
f 1309 	996 	3173
f 996 	2858 	3173
f 996 	995 	2858
f 995 	2859 	2858
f 995 	994 	2859
f 994 	2860 	2859
f 994 	1393 	2860
f 1393 	3257 	2860
f 1393 	1508 	3257
f 1508 	3372 	3257
f 1508 	1449 	3372
f 1449 	3313 	3372
f 1449 	1394 	3313
f 1394 	3258 	3313
f 1394 	999 	3258
f 999 	2861 	3258
f 999 	998 	2861
f 998 	2862 	2861
f 998 	997 	2862
f 997 	2863 	2862
f 997 	1001 	2863
f 1001 	2864 	2863
f 1001 	1000 	2864
f 1000 	2865 	2864
f 1000 	1003 	2865
f 1003 	2866 	2865
f 1003 	1002 	2866
f 1002 	2867 	2866
f 1002 	1310 	2867
f 1310 	3174 	2867
f 1310 	1395 	3174
f 1395 	3259 	3174
f 1395 	1707 	3259
f 1707 	3571 	3259
f 1707 	1509 	3571
f 1509 	3373 	3571
f 1509 	1396 	3373
f 1396 	3260 	3373
f 1396 	1006 	3260
f 1006 	2868 	3260
f 1006 	1005 	2868
f 1005 	2869 	2868
f 1005 	1004 	2869
f 1004 	2870 	2869
f 1004 	1008 	2870
f 1008 	2871 	2870
f 1008 	1007 	2871
f 1007 	2872 	2871
f 1007 	1010 	2872
f 1010 	2873 	2872
f 1010 	1009 	2873
f 1009 	2874 	2873
f 1009 	1311 	2874
f 1311 	3175 	2874
f 1311 	1013 	3175
f 1013 	2875 	3175
f 1013 	1012 	2875
f 1012 	2876 	2875
f 1012 	1011 	2876
f 1011 	2877 	2876
f 1011 	1015 	2877
f 1015 	2878 	2877
f 1015 	1014 	2878
f 1014 	2879 	2878
f 1014 	1017 	2879
f 1017 	2880 	2879
f 1017 	1016 	2880
f 1016 	2881 	2880
f 1016 	1019 	2881
f 1019 	2882 	2881
f 1019 	1018 	2882
f 1018 	2883 	2882
f 1018 	1021 	2883
f 1021 	2884 	2883
f 1021 	1020 	2884
f 1020 	2885 	2884
f 1020 	1023 	2885
f 1023 	2886 	2885
f 1023 	1022 	2886
f 1022 	2887 	2886
f 1022 	1025 	2887
f 1025 	2888 	2887
f 1025 	1024 	2888
f 1024 	2889 	2888
f 1024 	1027 	2889
f 1027 	2890 	2889
f 1027 	1026 	2890
f 1026 	2891 	2890
f 1026 	1029 	2891
f 1029 	2892 	2891
f 1029 	1028 	2892
f 1028 	2893 	2892
f 1028 	1031 	2893
f 1031 	2894 	2893
f 1031 	1030 	2894
f 1030 	2895 	2894
f 1030 	1033 	2895
f 1033 	2896 	2895
f 1033 	1032 	2896
f 1032 	2897 	2896
f 1032 	1035 	2897
f 1035 	2898 	2897
f 1035 	1034 	2898
f 1034 	2899 	2898
f 1034 	1037 	2899
f 1037 	2900 	2899
f 1037 	1036 	2900
f 1036 	2901 	2900
f 1036 	1312 	2901
f 1312 	3176 	2901
f 1312 	1313 	3176
f 1313 	3177 	3176
f 1313 	1040 	3177
f 1040 	2902 	3177
f 1040 	1039 	2902
f 1039 	2903 	2902
f 1039 	1038 	2903
f 1038 	2904 	2903
f 1038 	1397 	2904
f 1397 	3261 	2904
f 1397 	1557 	3261
f 1557 	3421 	3261
f 1557 	1570 	3421
f 1570 	3434 	3421
f 1570 	1695 	3434
f 1695 	3559 	3434
f 1695 	1043 	3559
f 1043 	2905 	3559
f 1043 	1042 	2905
f 1042 	2906 	2905
f 1042 	1041 	2906
f 1041 	2907 	2906
f 1041 	1045 	2907
f 1045 	2908 	2907
f 1045 	1044 	2908
f 1044 	2909 	2908
f 1044 	1048 	2909
f 1048 	2910 	2909
f 1048 	1047 	2910
f 1047 	2911 	2910
f 1047 	1046 	2911
f 1046 	2912 	2911
f 1046 	1398 	2912
f 1398 	3262 	2912
f 1398 	1676 	3262
f 1676 	3540 	3262
f 1676 	1670 	3540
f 1670 	3534 	3540
f 1670 	1666 	3534
f 1666 	3530 	3534
f 1666 	1314 	3530
f 1314 	3178 	3530
f 1314 	1051 	3178
f 1051 	2913 	3178
f 1051 	1050 	2913
f 1050 	2914 	2913
f 1050 	1049 	2914
f 1049 	2915 	2914
f 1049 	1053 	2915
f 1053 	2916 	2915
f 1053 	1052 	2916
f 1052 	2917 	2916
f 1052 	1315 	2917
f 1315 	3179 	2917
f 1315 	1056 	3179
f 1056 	2918 	3179
f 1056 	1055 	2918
f 1055 	2919 	2918
f 1055 	1054 	2919
f 1054 	2920 	2919
f 1054 	1637 	2920
f 1637 	3501 	2920
f 1637 	1632 	3501
f 1632 	3496 	3501
f 1632 	1627 	3496
f 1627 	3491 	3496
f 1627 	1620 	3491
f 1620 	3484 	3491
f 1620 	1610 	3484
f 1610 	3474 	3484
f 1610 	1606 	3474
f 1606 	3470 	3474
f 1606 	1599 	3470
f 1599 	3463 	3470
f 1599 	1399 	3463
f 1399 	3263 	3463
f 1399 	1059 	3263
f 1059 	2921 	3263
f 1059 	1058 	2921
f 1058 	2922 	2921
f 1058 	1057 	2922
f 1057 	2923 	2922
f 1057 	1061 	2923
f 1061 	2924 	2923
f 1061 	1060 	2924
f 1060 	2925 	2924
f 1060 	1571 	2925
f 1571 	3435 	2925
f 1571 	1450 	3435
f 1450 	3314 	3435
f 1450 	1316 	3314
f 1316 	3180 	3314
f 1316 	1064 	3180
f 1064 	2926 	3180
f 1064 	1063 	2926
f 1063 	2927 	2926
f 1063 	1062 	2927
f 1062 	2928 	2927
f 1062 	1066 	2928
f 1066 	2929 	2928
f 1066 	1065 	2929
f 1065 	2930 	2929
f 1065 	1317 	2930
f 1317 	3181 	2930
f 1317 	1483 	3181
f 1483 	3347 	3181
f 1483 	1400 	3347
f 1400 	3264 	3347
f 1400 	1069 	3264
f 1069 	2931 	3264
f 1069 	1068 	2931
f 1068 	2932 	2931
f 1068 	1067 	2932
f 1067 	2933 	2932
f 1067 	1071 	2933
f 1071 	2934 	2933
f 1071 	1070 	2934
f 1070 	2935 	2934
f 1070 	1073 	2935
f 1073 	2936 	2935
f 1073 	1072 	2936
f 1072 	2937 	2936
f 1072 	1076 	2937
f 1076 	2938 	2937
f 1076 	1075 	2938
f 1075 	2939 	2938
f 1075 	1074 	2939
f 1074 	2940 	2939
f 1074 	1079 	2940
f 1079 	2941 	2940
f 1079 	1078 	2941
f 1078 	2942 	2941
f 1078 	1077 	2942
f 1077 	2943 	2942
f 1077 	1081 	2943
f 1081 	2944 	2943
f 1081 	1080 	2944
f 1080 	2945 	2944
f 1080 	1083 	2945
f 1083 	2946 	2945
f 1083 	1082 	2946
f 1082 	2947 	2946
f 1082 	1085 	2947
f 1085 	2948 	2947
f 1085 	1084 	2948
f 1084 	2949 	2948
f 1084 	1087 	2949
f 1087 	2950 	2949
f 1087 	1086 	2950
f 1086 	2951 	2950
f 1086 	1089 	2951
f 1089 	2952 	2951
f 1089 	1088 	2952
f 1088 	2953 	2952
f 1088 	1091 	2953
f 1091 	2954 	2953
f 1091 	1090 	2954
f 1090 	2955 	2954
f 1090 	1093 	2955
f 1093 	2956 	2955
f 1093 	1092 	2956
f 1092 	2957 	2956
f 1092 	1095 	2957
f 1095 	2958 	2957
f 1095 	1094 	2958
f 1094 	2959 	2958
f 1094 	1451 	2959
f 1451 	3315 	2959
f 1451 	1318 	3315
f 1318 	3182 	3315
f 1318 	1098 	3182
f 1098 	2960 	3182
f 1098 	1097 	2960
f 1097 	2961 	2960
f 1097 	1096 	2961
f 1096 	2962 	2961
f 1096 	1100 	2962
f 1100 	2963 	2962
f 1100 	1099 	2963
f 1099 	2964 	2963
f 1099 	1319 	2964
f 1319 	3183 	2964
f 1319 	1510 	3183
f 1510 	3374 	3183
f 1510 	1511 	3374
f 1511 	3375 	3374
f 1511 	1103 	3375
f 1103 	2965 	3375
f 1103 	1102 	2965
f 1102 	2966 	2965
f 1102 	1101 	2966
f 1101 	2967 	2966
f 1101 	1106 	2967
f 1106 	2968 	2967
f 1106 	1105 	2968
f 1105 	2969 	2968
f 1105 	1104 	2969
f 1104 	2970 	2969
f 1104 	1108 	2970
f 1108 	2971 	2970
f 1108 	1107 	2971
f 1107 	2972 	2971
f 1107 	1110 	2972
f 1110 	2973 	2972
f 1110 	1109 	2973
f 1109 	2974 	2973
f 1109 	1112 	2974
f 1112 	2975 	2974
f 1112 	1111 	2975
f 1111 	2976 	2975
f 1111 	1114 	2976
f 1114 	2977 	2976
f 1114 	1113 	2977
f 1113 	2978 	2977
f 1113 	1116 	2978
f 1116 	2979 	2978
f 1116 	1115 	2979
f 1115 	2980 	2979
f 1115 	1118 	2980
f 1118 	2981 	2980
f 1118 	1117 	2981
f 1117 	2982 	2981
f 1117 	1120 	2982
f 1120 	2983 	2982
f 1120 	1119 	2983
f 1119 	2984 	2983
f 1119 	1123 	2984
f 1123 	2985 	2984
f 1123 	1122 	2985
f 1122 	2986 	2985
f 1122 	1121 	2986
f 1121 	2987 	2986
f 1121 	1125 	2987
f 1125 	2988 	2987
f 1125 	1124 	2988
f 1124 	2989 	2988
f 1124 	1127 	2989
f 1127 	2990 	2989
f 1127 	1126 	2990
f 1126 	2991 	2990
f 1126 	1129 	2991
f 1129 	2992 	2991
f 1129 	1128 	2992
f 1128 	2993 	2992
f 1128 	1131 	2993
f 1131 	2994 	2993
f 1131 	1130 	2994
f 1130 	2995 	2994
f 1130 	1134 	2995
f 1134 	2996 	2995
f 1134 	1133 	2996
f 1133 	2997 	2996
f 1133 	1132 	2997
f 1132 	2998 	2997
f 1132 	1320 	2998
f 1320 	3184 	2998
f 1320 	1484 	3184
f 1484 	3348 	3184
f 1484 	1452 	3348
f 1452 	3316 	3348
f 1452 	1321 	3316
f 1321 	3185 	3316
f 1321 	1137 	3185
f 1137 	2999 	3185
f 1137 	1136 	2999
f 1136 	3000 	2999
f 1136 	1135 	3000
f 1135 	3001 	3000
f 1135 	1139 	3001
f 1139 	3002 	3001
f 1139 	1138 	3002
f 1138 	3003 	3002
f 1138 	1141 	3003
f 1141 	3004 	3003
f 1141 	1140 	3004
f 1140 	3005 	3004
f 1140 	1143 	3005
f 1143 	3006 	3005
f 1143 	1142 	3006
f 1142 	3007 	3006
f 1142 	1146 	3007
f 1146 	3008 	3007
f 1146 	1145 	3008
f 1145 	3009 	3008
f 1145 	1144 	3009
f 1144 	3010 	3009
f 1144 	1322 	3010
f 1322 	3186 	3010
f 1322 	1323 	3186
f 1323 	3187 	3186
f 1323 	1149 	3187
f 1149 	3011 	3187
f 1149 	1148 	3011
f 1148 	3012 	3011
f 1148 	1147 	3012
f 1147 	3013 	3012
f 1147 	1151 	3013
f 1151 	3014 	3013
f 1151 	1150 	3014
f 1150 	3015 	3014
f 1150 	1153 	3015
f 1153 	3016 	3015
f 1153 	1152 	3016
f 1152 	3017 	3016
f 1152 	1156 	3017
f 1156 	3018 	3017
f 1156 	1155 	3018
f 1155 	3019 	3018
f 1155 	1154 	3019
f 1154 	3020 	3019
f 1154 	1158 	3020
f 1158 	3021 	3020
f 1158 	1157 	3021
f 1157 	3022 	3021
f 1157 	1401 	3022
f 1401 	3265 	3022
f 1401 	1453 	3265
f 1453 	3317 	3265
f 1453 	1161 	3317
f 1161 	3023 	3317
f 1161 	1160 	3023
f 1160 	3024 	3023
f 1160 	1159 	3024
f 1159 	3025 	3024
f 1159 	1558 	3025
f 1558 	3422 	3025
f 1558 	1532 	3422
f 1532 	3396 	3422
f 1532 	1324 	3396
f 1324 	3188 	3396
f 1324 	1164 	3188
f 1164 	3026 	3188
f 1164 	1163 	3026
f 1163 	3027 	3026
f 1163 	1162 	3027
f 1162 	3028 	3027
f 1162 	1325 	3028
f 1325 	3189 	3028
f 1325 	1167 	3189
f 1167 	3029 	3189
f 1167 	1166 	3029
f 1166 	3030 	3029
f 1166 	1165 	3030
f 1165 	3031 	3030
f 1165 	1326 	3031
f 1326 	3190 	3031
f 1326 	1170 	3190
f 1170 	3032 	3190
f 1170 	1169 	3032
f 1169 	3033 	3032
f 1169 	1168 	3033
f 1168 	3034 	3033
f 1168 	1172 	3034
f 1172 	3035 	3034
f 1172 	1171 	3035
f 1171 	3036 	3035
f 1171 	1174 	3036
f 1174 	3037 	3036
f 1174 	1173 	3037
f 1173 	3038 	3037
f 1173 	1454 	3038
f 1454 	3318 	3038
f 1454 	1512 	3318
f 1512 	3376 	3318
f 1512 	1513 	3376
f 1513 	3377 	3376
f 1513 	1485 	3377
f 1485 	3349 	3377
f 1485 	1327 	3349
f 1327 	3191 	3349
f 1327 	1177 	3191
f 1177 	3039 	3191
f 1177 	1176 	3039
f 1176 	3040 	3039
f 1176 	1175 	3040
f 1175 	3041 	3040
f 1175 	1179 	3041
f 1179 	3042 	3041
f 1179 	1178 	3042
f 1178 	3043 	3042
f 1178 	1181 	3043
f 1181 	3044 	3043
f 1181 	1180 	3044
f 1180 	3045 	3044
f 1180 	1183 	3045
f 1183 	3046 	3045
f 1183 	1182 	3046
f 1182 	3047 	3046
f 1182 	1185 	3047
f 1185 	3048 	3047
f 1185 	1184 	3048
f 1184 	3049 	3048
f 1184 	1187 	3049
f 1187 	3050 	3049
f 1187 	1186 	3050
f 1186 	3051 	3050
f 1186 	1328 	3051
f 1328 	3192 	3051
f 1328 	1190 	3192
f 1190 	3052 	3192
f 1190 	1189 	3052
f 1189 	3053 	3052
f 1189 	1188 	3053
f 1188 	3054 	3053
f 1188 	1192 	3054
f 1192 	3055 	3054
f 1192 	1191 	3055
f 1191 	3056 	3055
f 1191 	1194 	3056
f 1194 	3057 	3056
f 1194 	1193 	3057
f 1193 	3058 	3057
f 1193 	1197 	3058
f 1197 	3059 	3058
f 1197 	1196 	3059
f 1196 	3060 	3059
f 1196 	1195 	3060
f 1195 	3061 	3060
f 1195 	1199 	3061
f 1199 	3062 	3061
f 1199 	1198 	3062
f 1198 	3063 	3062
f 1198 	1201 	3063
f 1201 	3064 	3063
f 1201 	1200 	3064
f 1200 	3065 	3064
f 1200 	1203 	3065
f 1203 	3066 	3065
f 1203 	1202 	3066
f 1202 	3067 	3066
f 1202 	1402 	3067
f 1402 	3266 	3067
f 1402 	1455 	3266
f 1455 	3319 	3266
f 1455 	1514 	3319
f 1514 	3378 	3319
f 1514 	1515 	3378
f 1515 	3379 	3378
f 1515 	1486 	3379
f 1486 	3350 	3379
f 1486 	1403 	3350
f 1403 	3267 	3350
f 1403 	1206 	3267
f 1206 	3068 	3267
f 1206 	1205 	3068
f 1205 	3069 	3068
f 1205 	1204 	3069
f 1204 	3070 	3069
f 1204 	1329 	3070
f 1329 	3193 	3070
f 1329 	1456 	3193
f 1456 	3320 	3193
f 1456 	1330 	3320
f 1330 	3194 	3320
f 1330 	1209 	3194
f 1209 	3071 	3194
f 1209 	1208 	3071
f 1208 	3072 	3071
f 1208 	1207 	3072
f 1207 	3073 	3072
f 1207 	1404 	3073
f 1404 	3268 	3073
f 1404 	1457 	3268
f 1457 	3321 	3268
f 1457 	1487 	3321
f 1487 	3351 	3321
f 1487 	1547 	3351
f 1547 	3411 	3351
f 1547 	1559 	3411
f 1559 	3423 	3411
f 1559 	1405 	3423
f 1405 	3269 	3423
f 1405 	1331 	3269
f 1331 	3195 	3269
f 1331 	1212 	3195
f 1212 	3074 	3195
f 1212 	1211 	3074
f 1211 	3075 	3074
f 1211 	1210 	3075
f 1210 	3076 	3075
f 1210 	1332 	3076
f 1332 	3196 	3076
f 1332 	1215 	3196
f 1215 	3077 	3196
f 1215 	1214 	3077
f 1214 	3078 	3077
f 1214 	1213 	3078
f 1213 	3079 	3078
f 1213 	1406 	3079
f 1406 	3270 	3079
f 1406 	1407 	3270
f 1407 	3271 	3270
f 1407 	1333 	3271
f 1333 	3197 	3271
f 1333 	1218 	3197
f 1218 	3080 	3197
f 1218 	1217 	3080
f 1217 	3081 	3080
f 1217 	1216 	3081
f 1216 	3082 	3081
f 1216 	1516 	3082
f 1516 	3380 	3082
f 1516 	1488 	3380
f 1488 	3352 	3380
f 1488 	1334 	3352
f 1334 	3198 	3352
f 1334 	1221 	3198
f 1221 	3083 	3198
f 1221 	1220 	3083
f 1220 	3084 	3083
f 1220 	1219 	3084
f 1219 	3085 	3084
f 1219 	1335 	3085
f 1335 	3199 	3085
f 1335 	1224 	3199
f 1224 	3086 	3199
f 1647 	1659 	3511
f 1659 	3523 	3511
f 1659 	1660 	3523
f 1660 	3524 	3523
f 1660 	1648 	3524
f 1648 	3512 	3524
f 1648 	1642 	3512
f 1642 	3506 	3512
f 1642 	781 	3506
f 781 	2647 	3506
f 781 	1647 	2647
f 1647 	3511 	2647
f 875 	1388 	2741
f 1388 	3252 	2741
f 1388 	1691 	3252
f 1691 	3555 	3252
f 1691 	1725 	3555
f 1725 	3589 	3555
f 1725 	1728 	3589
f 1728 	3592 	3589
f 1728 	1531 	3592
f 1531 	3395 	3592
f 1531 	1482 	3395
f 1482 	3346 	3395
f 1482 	1389 	3346
f 1389 	3253 	3346
f 1389 	1303 	3253
f 1303 	3167 	3253
f 1303 	878 	3167
f 878 	2742 	3167
f 878 	875 	2742
f 875 	2741 	2742
f 1505 	1528 	3369
f 1528 	3392 	3369
f 1528 	1685 	3392
f 1685 	3549 	3392
f 1685 	1686 	3549
f 1686 	3550 	3549
f 1686 	1680 	3550
f 1680 	3544 	3550
f 1680 	1506 	3544
f 1506 	3370 	3544
f 1506 	1480 	3370
f 1480 	3344 	3370
f 1480 	1382 	3344
f 1382 	3246 	3344
f 1382 	1289 	3246
f 1289 	3153 	3246
f 1289 	800 	3153
f 800 	2664 	3153
f 800 	799 	2664
f 799 	2662 	2664
f 799 	798 	2662
f 798 	2663 	2662
f 798 	1445 	2663
f 1445 	3309 	2663
f 1445 	1479 	3309
f 1479 	3343 	3309
f 1479 	1505 	3343
f 1505 	3369 	3343
f 1436 	1269 	3300
f 1269 	3133 	3300
f 1269 	636 	3133
f 636 	2498 	3133
f 636 	635 	2498
f 635 	2499 	2498
f 635 	650 	2499
f 650 	2512 	2499
f 650 	649 	2512
f 649 	2513 	2512
f 649 	648 	2513
f 648 	2514 	2513
f 648 	1272 	2514
f 1272 	3136 	2514
f 1272 	653 	3136
f 653 	2515 	3136
f 653 	652 	2515
f 652 	2516 	2515
f 652 	651 	2516
f 651 	2517 	2516
f 651 	656 	2517
f 656 	2518 	2517
f 656 	655 	2518
f 655 	2519 	2518
f 655 	654 	2519
f 654 	2520 	2519
f 654 	657 	2520
f 657 	2521 	2520
f 657 	631 	2521
f 631 	2497 	2521
f 631 	1365 	2497
f 1365 	3229 	2497
f 1365 	1435 	3229
f 1435 	3299 	3229
f 1435 	1436 	3299
f 1436 	3300 	3299
f 1586 	1256 	3450
f 1256 	3120 	3450
f 1256 	465 	3120
f 465 	2327 	3120
f 465 	464 	2327
f 464 	2328 	2327
f 464 	463 	2328
f 463 	2329 	2328
f 463 	1354 	2329
f 1354 	3218 	2329
f 1354 	1661 	3218
f 1661 	3525 	3218
f 1661 	1649 	3525
f 1649 	3513 	3525
f 1649 	1643 	3513
f 1643 	3507 	3513
f 1643 	1638 	3507
f 1638 	3502 	3507
f 1638 	1634 	3502
f 1634 	3498 	3502
f 1634 	1628 	3498
f 1628 	3492 	3498
f 1628 	1621 	3492
f 1621 	3485 	3492
f 1621 	1615 	3485
f 1615 	3479 	3485
f 1615 	1612 	3479
f 1612 	3476 	3479
f 1612 	1607 	3476
f 1607 	3471 	3476
f 1607 	1600 	3471
f 1600 	3464 	3471
f 1600 	1587 	3464
f 1587 	3451 	3464
f 1587 	1575 	3451
f 1575 	3439 	3451
f 1575 	1560 	3439
f 1560 	3424 	3439
f 1560 	1548 	3424
f 1548 	3412 	3424
f 1548 	1536 	3412
f 1536 	3400 	3412
f 1536 	1521 	3400
f 1521 	3385 	3400
f 1521 	1496 	3385
f 1496 	3360 	3385
f 1496 	1427 	3360
f 1427 	3291 	3360
f 1427 	1355 	3291
f 1355 	3219 	3291
f 1355 	1257 	3219
f 1257 	3121 	3219
f 1257 	466 	3121
f 466 	2330 	3121
f 466 	456 	2330
f 456 	2321 	2330
f 456 	1254 	2321
f 1254 	3118 	2321
f 1254 	1535 	3118
f 1535 	3399 	3118
f 1535 	1255 	3399
f 1255 	3119 	3399
f 1255 	460 	3119
f 460 	2322 	3119
f 460 	459 	2322
f 459 	2323 	2322
f 459 	458 	2323
f 458 	2324 	2323
f 458 	462 	2324
f 462 	2325 	2324
f 462 	461 	2325
f 461 	2326 	2325
f 461 	1426 	2326
f 1426 	3290 	2326
f 1426 	1586 	3290
f 1586 	3450 	3290
f 1527 	1287 	3391
f 1287 	3151 	3391
f 1287 	790 	3151
f 790 	2652 	3151
f 790 	789 	2652
f 789 	2653 	2652
f 789 	788 	2653
f 788 	2654 	2653
f 788 	792 	2654
f 792 	2655 	2654
f 792 	791 	2655
f 791 	2656 	2655
f 791 	1288 	2656
f 1288 	3152 	2656
f 1288 	795 	3152
f 795 	2657 	3152
f 795 	794 	2657
f 794 	2658 	2657
f 794 	793 	2658
f 793 	2659 	2658
f 793 	797 	2659
f 797 	2660 	2659
f 797 	796 	2660
f 796 	2661 	2660
f 796 	802 	2661
f 802 	2665 	2661
f 802 	801 	2665
f 801 	2666 	2665
f 801 	804 	2666
f 804 	2667 	2666
f 804 	803 	2667
f 803 	2668 	2667
f 803 	1383 	2668
f 1383 	3247 	2668
f 1383 	1529 	3247
f 1529 	3393 	3247
f 1529 	1290 	3393
f 1290 	3154 	3393
f 1290 	807 	3154
f 807 	2669 	3154
f 807 	806 	2669
f 806 	2670 	2669
f 806 	805 	2670
f 805 	2671 	2670
f 805 	809 	2671
f 809 	2672 	2671
f 809 	808 	2672
f 808 	2673 	2672
f 808 	1291 	2673
f 1291 	3155 	2673
f 1291 	1446 	3155
f 1446 	3310 	3155
f 1446 	1292 	3310
f 1292 	3156 	3310
f 1292 	812 	3156
f 812 	2674 	3156
f 812 	811 	2674
f 811 	2675 	2674
f 811 	810 	2675
f 810 	2676 	2675
f 810 	814 	2676
f 814 	2677 	2676
f 814 	813 	2677
f 813 	2678 	2677
f 813 	816 	2678
f 816 	2679 	2678
f 816 	815 	2679
f 815 	2680 	2679
f 815 	1293 	2680
f 1293 	3157 	2680
f 1293 	817 	3157
f 817 	2681 	3157
f 817 	786 	2681
f 786 	2651 	2681
f 786 	1381 	2651
f 1381 	3245 	2651
f 1381 	1444 	3245
f 1444 	3308 	3245
f 1444 	1478 	3308
f 1478 	3342 	3308
f 1478 	1504 	3342
f 1504 	3368 	3342
f 1504 	1527 	3368
f 1527 	3391 	3368
f 1783 	1781 	3647
f 1781 	3645 	3647
f 1781 	1779 	3645
f 1779 	3643 	3645
f 1779 	1777 	3643
f 1777 	3641 	3643
f 1777 	1775 	3641
f 1775 	3639 	3641
f 1775 	1598 	3639
f 1598 	3462 	3639
f 1598 	1592 	3462
f 1592 	3456 	3462
f 1592 	1583 	3456
f 1583 	3447 	3456
f 1583 	1569 	3447
f 1569 	3433 	3447
f 1569 	1556 	3433
f 1556 	3420 	3433
f 1556 	1546 	3420
f 1546 	3410 	3420
f 1546 	913 	3410
f 913 	2775 	3410
f 913 	912 	2775
f 912 	2776 	2775
f 912 	911 	2776
f 911 	2777 	2776
f 911 	915 	2777
f 915 	2778 	2777
f 915 	914 	2778
f 914 	2779 	2778
f 914 	917 	2779
f 917 	2780 	2779
f 917 	916 	2780
f 916 	2781 	2780
f 916 	919 	2781
f 919 	2782 	2781
f 919 	918 	2782
f 918 	2783 	2782
f 918 	921 	2783
f 921 	2784 	2783
f 921 	920 	2784
f 920 	2785 	2784
f 920 	1448 	2785
f 1448 	3312 	2785
f 1448 	1392 	3312
f 1392 	3256 	3312
f 1392 	923 	3256
f 923 	2786 	3256
f 923 	922 	2786
f 922 	2787 	2786
f 922 	860 	2787
f 860 	2724 	2787
f 860 	859 	2724
f 859 	2725 	2724
f 859 	864 	2725
f 864 	2726 	2725
f 864 	863 	2726
f 863 	2727 	2726
f 863 	862 	2727
f 862 	2728 	2727
f 862 	866 	2728
f 866 	2729 	2728
f 866 	865 	2729
f 865 	2730 	2729
f 865 	868 	2730
f 868 	2731 	2730
f 868 	867 	2731
f 867 	2732 	2731
f 867 	1300 	2732
f 1300 	3164 	2732
f 1300 	871 	3164
f 871 	2733 	3164
f 871 	870 	2733
f 870 	2734 	2733
f 870 	869 	2734
f 869 	2735 	2734
f 869 	1301 	2735
f 1301 	3165 	2735
f 1301 	874 	3165
f 874 	2736 	3165
f 874 	873 	2736
f 873 	2737 	2736
f 873 	872 	2737
f 872 	2738 	2737
f 872 	1302 	2738
f 1302 	3166 	2738
f 1302 	877 	3166
f 877 	2739 	3166
f 877 	876 	2739
f 876 	2740 	2739
f 876 	880 	2740
f 880 	2743 	2740
f 880 	879 	2743
f 879 	2744 	2743
f 879 	1304 	2744
f 1304 	3168 	2744
f 1304 	1390 	3168
f 1390 	3254 	3168
f 1390 	883 	3254
f 883 	2745 	3254
f 883 	882 	2745
f 882 	2746 	2745
f 882 	881 	2746
f 881 	2747 	2746
f 881 	885 	2747
f 885 	2748 	2747
f 885 	884 	2748
f 884 	2749 	2748
f 884 	887 	2749
f 887 	2750 	2749
f 887 	886 	2750
f 886 	2751 	2750
f 886 	890 	2751
f 890 	2752 	2751
f 890 	889 	2752
f 889 	2753 	2752
f 889 	888 	2753
f 888 	2754 	2753
f 888 	892 	2754
f 892 	2755 	2754
f 892 	891 	2755
f 891 	2756 	2755
f 891 	894 	2756
f 894 	2757 	2756
f 894 	893 	2757
f 893 	2758 	2757
f 893 	896 	2758
f 896 	2759 	2758
f 896 	895 	2759
f 895 	2760 	2759
f 895 	898 	2760
f 898 	2761 	2760
f 898 	897 	2761
f 897 	2762 	2761
f 897 	900 	2762
f 900 	2763 	2762
f 900 	899 	2763
f 899 	2764 	2763
f 899 	902 	2764
f 902 	2765 	2764
f 902 	901 	2765
f 901 	2766 	2765
f 901 	1545 	2766
f 1545 	3409 	2766
f 1545 	1555 	3409
f 1555 	3419 	3409
f 1555 	1568 	3419
f 1568 	3432 	3419
f 1568 	1582 	3432
f 1582 	3446 	3432
f 1582 	1798 	3446
f 1798 	3662 	3446
f 1798 	1797 	3662
f 1797 	3661 	3662
f 1797 	1795 	3661
f 1795 	3659 	3661
f 1795 	1794 	3659
f 1794 	3658 	3659
f 1794 	1792 	3658
f 1792 	3656 	3658
f 1792 	905 	3656
f 905 	2767 	3656
f 905 	904 	2767
f 904 	2768 	2767
f 904 	903 	2768
f 903 	2769 	2768
f 903 	907 	2769
f 907 	2770 	2769
f 907 	906 	2770
f 906 	2771 	2770
f 906 	1788 	2771
f 1788 	3652 	2771
f 1788 	1305 	3652
f 1305 	3169 	3652
f 1305 	910 	3169
f 910 	2772 	3169
f 910 	909 	2772
f 909 	2773 	2772
f 909 	908 	2773
f 908 	2774 	2773
f 908 	1391 	2774
f 1391 	3255 	2774
f 1391 	1783 	3255
f 1783 	3647 	3255
f 1589 	1577 	3453
f 1577 	3441 	3453
f 1577 	1563 	3441
f 1563 	3427 	3441
f 1563 	1551 	3427
f 1551 	3415 	3427
f 1551 	1539 	3415
f 1539 	3403 	3415
f 1539 	1499 	3403
f 1499 	3363 	3403
f 1499 	621 	3363
f 621 	2483 	3363
f 621 	620 	2483
f 620 	2484 	2483
f 620 	619 	2484
f 619 	2485 	2484
f 619 	1364 	2485
f 1364 	3228 	2485
f 1364 	1268 	3228
f 1268 	3132 	3228
f 1268 	622 	3132
f 622 	2486 	3132
f 622 	604 	2486
f 604 	2467 	2486
f 604 	603 	2467
f 603 	2468 	2467
f 603 	1264 	2468
f 1264 	3128 	2468
f 1264 	1433 	3128
f 1433 	3297 	3128
f 1433 	1497 	3297
f 1497 	3361 	3297
f 1497 	1523 	3361
f 1523 	3387 	3361
f 1523 	1538 	3387
f 1538 	3402 	3387
f 1538 	1550 	3402
f 1550 	3414 	3402
f 1550 	1562 	3414
f 1562 	3426 	3414
f 1562 	1265 	3426
f 1265 	3129 	3426
f 1265 	607 	3129
f 607 	2469 	3129
f 607 	606 	2469
f 606 	2470 	2469
f 606 	605 	2470
f 605 	2471 	2470
f 605 	1361 	2471
f 1361 	3225 	2471
f 1361 	1602 	3225
f 1602 	3466 	3225
f 1602 	1609 	3466
f 1609 	3473 	3466
f 1609 	1613 	3473
f 1613 	3477 	3473
f 1613 	1617 	3477
f 1617 	3481 	3477
f 1617 	1623 	3481
f 1623 	3487 	3481
f 1623 	1630 	3487
f 1630 	3494 	3487
f 1630 	1640 	3494
f 1640 	3504 	3494
f 1640 	1645 	3504
f 1645 	3509 	3504
f 1645 	1651 	3509
f 1651 	3515 	3509
f 1651 	1656 	3515
f 1656 	3520 	3515
f 1656 	1662 	3520
f 1662 	3526 	3520
f 1662 	1663 	3526
f 1663 	3527 	3526
f 1663 	1657 	3527
f 1657 	3521 	3527
f 1657 	1641 	3521
f 1641 	3505 	3521
f 1641 	1636 	3505
f 1636 	3500 	3505
f 1636 	1631 	3500
f 1631 	3495 	3500
f 1631 	1624 	3495
f 1624 	3488 	3495
f 1624 	1498 	3488
f 1498 	3362 	3488
f 1498 	1434 	3362
f 1434 	3298 	3362
f 1434 	1362 	3298
f 1362 	3226 	3298
f 1362 	610 	3226
f 610 	2472 	3226
f 610 	609 	2472
f 609 	2473 	2472
f 609 	608 	2473
f 608 	2474 	2473
f 608 	612 	2474
f 612 	2475 	2474
f 612 	611 	2475
f 611 	2476 	2475
f 611 	1266 	2476
f 1266 	3130 	2476
f 1266 	615 	3130
f 615 	2477 	3130
f 615 	614 	2477
f 614 	2478 	2477
f 614 	613 	2478
f 613 	2479 	2478
f 613 	1267 	2479
f 1267 	3131 	2479
f 1267 	618 	3131
f 618 	2480 	3131
f 618 	617 	2480
f 617 	2481 	2480
f 617 	616 	2481
f 616 	2482 	2481
f 616 	1363 	2482
f 1363 	3227 	2482
f 1363 	1589 	3227
f 1589 	3453 	3227
f 1525 	1476 	3389
f 1476 	3340 	3389
f 1476 	1440 	3340
f 1440 	3304 	3340
f 1440 	719 	3304
f 719 	2581 	3304
f 719 	718 	2581
f 718 	2582 	2581
f 718 	717 	2582
f 717 	2583 	2582
f 717 	721 	2583
f 721 	2584 	2583
f 721 	720 	2584
f 720 	2585 	2584
f 720 	723 	2585
f 723 	2586 	2585
f 723 	722 	2586
f 722 	2587 	2586
f 722 	725 	2587
f 725 	2588 	2587
f 725 	724 	2588
f 724 	2589 	2588
f 724 	727 	2589
f 727 	2590 	2589
f 727 	726 	2590
f 726 	2591 	2590
f 726 	729 	2591
f 729 	2592 	2591
f 729 	728 	2592
f 728 	2593 	2592
f 728 	1375 	2593
f 1375 	3239 	2593
f 1375 	1441 	3239
f 1441 	3305 	3239
f 1441 	1715 	3305
f 1715 	3579 	3305
f 1715 	1718 	3579
f 1718 	3582 	3579
f 1718 	1721 	3582
f 1721 	3585 	3582
f 1721 	1724 	3585
f 1724 	3588 	3585
f 1724 	1833 	3588
f 1833 	3697 	3588
f 1833 	1832 	3697
f 1832 	3696 	3697
f 1832 	1830 	3696
f 1830 	3694 	3696
f 1830 	1829 	3694
f 1829 	3693 	3694
f 1829 	1828 	3693
f 1828 	3692 	3693
f 1828 	1826 	3692
f 1826 	3690 	3692
f 1826 	1825 	3690
f 1825 	3689 	3690
f 1825 	1823 	3689
f 1823 	3687 	3689
f 1823 	1821 	3687
f 1821 	3685 	3687
f 1821 	1820 	3685
f 1820 	3684 	3685
f 1820 	1819 	3684
f 1819 	3683 	3684
f 1819 	1817 	3683
f 1817 	3681 	3683
f 1817 	1815 	3681
f 1815 	3679 	3681
f 1815 	1812 	3679
f 1812 	3676 	3679
f 1812 	1810 	3676
f 1810 	3674 	3676
f 1810 	1809 	3674
f 1809 	3673 	3674
f 1809 	1807 	3673
f 1807 	3671 	3673
f 1807 	1278 	3671
f 1278 	3142 	3671
f 1278 	689 	3142
f 689 	2551 	3142
f 689 	688 	2551
f 688 	2552 	2551
f 688 	687 	2552
f 687 	2553 	2552
f 687 	691 	2553
f 691 	2554 	2553
f 691 	690 	2554
f 690 	2555 	2554
f 690 	694 	2555
f 694 	2556 	2555
f 694 	693 	2556
f 693 	2557 	2556
f 693 	692 	2557
f 692 	2558 	2557
f 692 	696 	2558
f 696 	2559 	2558
f 696 	695 	2559
f 695 	2560 	2559
f 695 	1373 	2560
f 1373 	3237 	2560
f 1373 	699 	3237
f 699 	2561 	3237
f 699 	698 	2561
f 698 	2562 	2561
f 698 	697 	2562
f 697 	2563 	2562
f 697 	701 	2563
f 701 	2564 	2563
f 701 	700 	2564
f 700 	2565 	2564
f 700 	1474 	2565
f 1474 	3338 	2565
f 1474 	704 	3338
f 704 	2566 	3338
f 704 	703 	2566
f 703 	2567 	2566
f 703 	702 	2567
f 702 	2568 	2567
f 702 	706 	2568
f 706 	2569 	2568
f 706 	705 	2569
f 705 	2570 	2569
f 705 	1803 	2570
f 1803 	3667 	2570
f 1803 	1722 	3667
f 1722 	3586 	3667
f 1722 	1719 	3586
f 1719 	3583 	3586
f 1719 	1716 	3583
f 1716 	3580 	3583
f 1716 	1712 	3580
f 1712 	3576 	3580
f 1712 	1710 	3576
f 1710 	3574 	3576
f 1710 	1706 	3574
f 1706 	3570 	3574
f 1706 	1279 	3570
f 1279 	3143 	3570
f 1279 	709 	3143
f 709 	2571 	3143
f 709 	708 	2571
f 708 	2572 	2571
f 708 	707 	2572
f 707 	2573 	2572
f 707 	1374 	2573
f 1374 	3238 	2573
f 1374 	1699 	3238
f 1699 	3563 	3238
f 1699 	1579 	3563
f 1579 	3443 	3563
f 1579 	1439 	3443
f 1439 	3303 	3443
f 1439 	1280 	3303
f 1280 	3144 	3303
f 1280 	712 	3144
f 712 	2574 	3144
f 712 	711 	2574
f 711 	2575 	2574
f 711 	710 	2575
f 710 	2576 	2575
f 710 	714 	2576
f 714 	2577 	2576
f 714 	713 	2577
f 713 	2578 	2577
f 713 	716 	2578
f 716 	2579 	2578
f 716 	715 	2579
f 715 	2580 	2579
f 715 	1475 	2580
f 1475 	3339 	2580
f 1475 	1501 	3339
f 1501 	3365 	3339
f 1501 	1540 	3365
f 1540 	3404 	3365
f 1540 	1525 	3404
f 1525 	3389 	3404
f 1843 	1845 	3707
f 1845 	3709 	3707
f 1845 	1846 	3709
f 1846 	3710 	3709
f 1846 	1848 	3710
f 1848 	3712 	3710
f 1848 	1850 	3712
f 1850 	3714 	3712
f 1850 	1852 	3714
f 1852 	3716 	3714
f 1852 	1854 	3716
f 1854 	3718 	3716
f 1854 	1856 	3718
f 1856 	3720 	3718
f 1856 	1859 	3720
f 1859 	3723 	3720
f 1859 	1860 	3723
f 1860 	3724 	3723
f 1860 	1862 	3724
f 1862 	3726 	3724
f 1862 	1864 	3726
f 1864 	3728 	3726
f 1864 	1863 	3728
f 1863 	3727 	3728
f 1863 	1861 	3727
f 1861 	3725 	3727
f 1861 	1858 	3725
f 1858 	3722 	3725
f 1858 	1857 	3722
f 1857 	3721 	3722
f 1857 	1855 	3721
f 1855 	3719 	3721
f 1855 	1853 	3719
f 1853 	3717 	3719
f 1853 	1851 	3717
f 1851 	3715 	3717
f 1851 	1849 	3715
f 1849 	3713 	3715
f 1849 	1847 	3713
f 1847 	3711 	3713
f 1847 	1844 	3711
f 1844 	3708 	3711
f 1844 	1842 	3708
f 1842 	3706 	3708
f 1842 	1841 	3706
f 1841 	3705 	3706
f 1841 	1840 	3705
f 1840 	3704 	3705
f 1840 	1839 	3704
f 1839 	3703 	3704
f 1839 	1664 	3703
f 1664 	3528 	3703
f 1664 	1658 	3528
f 1658 	3522 	3528
f 1658 	1653 	3522
f 1653 	3517 	3522
f 1653 	1270 	3517
f 1270 	3134 	3517
f 1270 	641 	3134
f 641 	2503 	3134
f 641 	640 	2503
f 640 	2504 	2503
f 640 	639 	2504
f 639 	2505 	2504
f 639 	1366 	2505
f 1366 	3230 	2505
f 1366 	1524 	3230
f 1524 	3388 	3230
f 1524 	644 	3388
f 644 	2506 	3388
f 644 	643 	2506
f 643 	2507 	2506
f 643 	642 	2507
f 642 	2508 	2507
f 642 	646 	2508
f 646 	2509 	2508
f 646 	645 	2509
f 645 	2510 	2509
f 645 	1367 	2510
f 1367 	3231 	2510
f 1367 	1437 	3231
f 1437 	3301 	3231
f 1437 	1438 	3301
f 1438 	3302 	3301
f 1438 	1368 	3302
f 1368 	3232 	3302
f 1368 	1271 	3232
f 1271 	3135 	3232
f 1271 	647 	3135
f 647 	2511 	3135
f 647 	634 	2511
f 634 	2500 	2511
f 634 	638 	2500
f 638 	2501 	2500
f 638 	637 	2501
f 637 	2502 	2501
f 637 	1472 	2502
f 1472 	3336 	2502
f 1472 	1646 	3336
f 1646 	3510 	3336
f 1646 	1652 	3510
f 1652 	3516 	3510
f 1652 	1668 	3516
f 1668 	3532 	3516
f 1668 	1693 	3532
f 1693 	3557 	3532
f 1693 	1843 	3557
f 1843 	3707 	3557
f 1625 	783 	3489
f 783 	2645 	3489
f 783 	782 	2645
f 782 	2646 	2645
f 782 	785 	2646
f 785 	2648 	2646
f 785 	784 	2648
f 784 	2649 	2648
f 784 	787 	2649
f 787 	2650 	2649
f 787 	819 	2650
f 819 	2682 	2650
f 819 	818 	2682
f 818 	2683 	2682
f 818 	1294 	2683
f 1294 	3158 	2683
f 1294 	1384 	3158
f 1384 	3248 	3158
f 1384 	1507 	3248
f 1507 	3371 	3248
f 1507 	1530 	3371
f 1530 	3394 	3371
f 1530 	1543 	3394
f 1543 	3407 	3394
f 1543 	1295 	3407
f 1295 	3159 	3407
f 1295 	822 	3159
f 822 	2684 	3159
f 822 	821 	2684
f 821 	2685 	2684
f 821 	820 	2685
f 820 	2686 	2685
f 820 	824 	2686
f 824 	2687 	2686
f 824 	823 	2687
f 823 	2688 	2687
f 823 	826 	2688
f 826 	2689 	2688
f 826 	825 	2689
f 825 	2690 	2689
f 825 	828 	2690
f 828 	2691 	2690
f 828 	827 	2691
f 827 	2692 	2691
f 827 	1481 	2692
f 1481 	3345 	2692
f 1481 	1626 	3345
f 1626 	3490 	3345
f 1626 	1619 	3490
f 1619 	3483 	3490
f 1619 	1614 	3483
f 1614 	3478 	3483
f 1614 	1605 	3478
f 1605 	3469 	3478
f 1605 	1597 	3469
f 1597 	3461 	3469
f 1597 	1296 	3461
f 1296 	3160 	3461
f 1296 	831 	3160
f 831 	2693 	3160
f 831 	830 	2693
f 830 	2694 	2693
f 830 	829 	2694
f 829 	2695 	2694
f 829 	1385 	2695
f 1385 	3249 	2695
f 1385 	1567 	3249
f 1567 	3431 	3249
f 1567 	1554 	3431
f 1554 	3418 	3431
f 1554 	1544 	3418
f 1544 	3408 	3418
f 1544 	1297 	3408
f 1297 	3161 	3408
f 1297 	834 	3161
f 834 	2696 	3161
f 834 	833 	2696
f 833 	2697 	2696
f 833 	832 	2697
f 832 	2698 	2697
f 832 	1386 	2698
f 1386 	3250 	2698
f 1386 	1447 	3250
f 1447 	3311 	3250
f 1447 	1387 	3311
f 1387 	3251 	3311
f 1387 	1298 	3251
f 1298 	3162 	3251
f 1298 	835 	3162
f 835 	2699 	3162
f 835 	772 	2699
f 772 	2635 	2699
f 772 	771 	2635
f 771 	2636 	2635
f 771 	1286 	2636
f 1286 	3150 	2636
f 1286 	1379 	3150
f 1379 	3243 	3150
f 1379 	1477 	3243
f 1477 	3341 	3243
f 1477 	1503 	3341
f 1503 	3367 	3341
f 1503 	1526 	3367
f 1526 	3390 	3367
f 1526 	1542 	3390
f 1542 	3406 	3390
f 1542 	1553 	3406
f 1553 	3417 	3406
f 1553 	1566 	3417
f 1566 	3430 	3417
f 1566 	1581 	3430
f 1581 	3445 	3430
f 1581 	1591 	3445
f 1591 	3455 	3445
f 1591 	1604 	3455
f 1604 	3468 	3455
f 1604 	775 	3468
f 775 	2637 	3468
f 775 	774 	2637
f 774 	2638 	2637
f 774 	773 	2638
f 773 	2639 	2638
f 773 	777 	2639
f 777 	2640 	2639
f 777 	776 	2640
f 776 	2641 	2640
f 776 	780 	2641
f 780 	2642 	2641
f 780 	779 	2642
f 779 	2643 	2642
f 779 	778 	2643
f 778 	2644 	2643
f 778 	1380 	2644
f 1380 	3244 	2644
f 1380 	1625 	3244
f 1625 	3489 	3244
f 1578 	1274 	3442
f 1274 	3138 	3442
f 1274 	674 	3138
f 674 	2536 	3138
f 674 	673 	2536
f 673 	2537 	2536
f 673 	672 	2537
f 672 	2538 	2537
f 672 	1275 	2538
f 1275 	3139 	2538
f 1275 	677 	3139
f 677 	2539 	3139
f 677 	676 	2539
f 676 	2540 	2539
f 676 	675 	2540
f 675 	2541 	2540
f 675 	1276 	2541
f 1276 	3140 	2541
f 1276 	680 	3140
f 680 	2542 	3140
f 680 	679 	2542
f 679 	2543 	2542
f 679 	678 	2543
f 678 	2544 	2543
f 678 	1371 	2544
f 1371 	3235 	2544
f 1371 	1618 	3235
f 1618 	3482 	3235
f 1618 	1277 	3482
f 1277 	3141 	3482
f 1277 	683 	3141
f 683 	2545 	3141
f 683 	682 	2545
f 682 	2546 	2545
f 682 	681 	2546
f 681 	2547 	2546
f 681 	1372 	2547
f 1372 	3236 	2547
f 1372 	686 	3236
f 686 	2548 	3236
f 686 	685 	2548
f 685 	2549 	2548
f 685 	684 	2549
f 684 	2550 	2549
f 684 	1703 	2550
f 1703 	3567 	2550
f 1703 	1700 	3567
f 1700 	3564 	3567
f 1700 	1698 	3564
f 1698 	3562 	3564
f 1698 	1694 	3562
f 1694 	3558 	3562
f 1694 	1690 	3558
f 1690 	3554 	3558
f 1690 	1684 	3554
f 1684 	3548 	3554
f 1684 	1679 	3548
f 1679 	3543 	3548
f 1679 	1675 	3543
f 1675 	3539 	3543
f 1675 	1672 	3539
f 1672 	3536 	3539
f 1672 	1669 	3536
f 1669 	3533 	3536
f 1669 	1665 	3533
f 1665 	3529 	3533
f 1665 	1654 	3529
f 1654 	3518 	3529
f 1654 	1603 	3518
f 1603 	3467 	3518
f 1603 	1596 	3467
f 1596 	3460 	3467
f 1596 	1590 	3460
f 1590 	3454 	3460
f 1590 	1580 	3454
f 1580 	3444 	3454
f 1580 	1565 	3444
f 1565 	3429 	3444
f 1565 	1541 	3429
f 1541 	3405 	3429
f 1541 	1502 	3405
f 1502 	3366 	3405
f 1502 	1376 	3366
f 1376 	3240 	3366
f 1376 	732 	3240
f 732 	2594 	3240
f 732 	731 	2594
f 731 	2595 	2594
f 731 	730 	2595
f 730 	2596 	2595
f 730 	1281 	2596
f 1281 	3145 	2596
f 1281 	1377 	3145
f 1377 	3241 	3145
f 1377 	1282 	3241
f 1282 	3146 	3241
f 1282 	733 	3146
f 733 	2597 	3146
f 733 	668 	2597
f 668 	2531 	2597
f 668 	667 	2531
f 667 	2532 	2531
f 667 	1369 	2532
f 1369 	3233 	2532
f 1369 	1473 	3233
f 1473 	3337 	3233
f 1473 	1500 	3337
f 1500 	3364 	3337
f 1500 	671 	3364
f 671 	2533 	3364
f 671 	670 	2533
f 670 	2534 	2533
f 670 	669 	2534
f 669 	2535 	2534
f 669 	1273 	2535
f 1273 	3137 	2535
f 1273 	1370 	3137
f 1370 	3234 	3137
f 1370 	1552 	3234
f 1552 	3416 	3234
f 1552 	1564 	3416
f 1564 	3428 	3416
f 1564 	1578 	3428
f 1578 	3442 	3428
f 1741 	1739 	3605
f 1739 	3603 	3605
f 1739 	1738 	3603
f 1738 	3602 	3603
f 1738 	1736 	3602
f 1736 	3600 	3602
f 1736 	1734 	3600
f 1734 	3598 	3600
f 1734 	1732 	3598
f 1732 	3596 	3598
f 1732 	1730 	3596
f 1730 	3594 	3596
f 1730 	1727 	3594
f 1727 	3591 	3594
f 1727 	1723 	3591
f 1723 	3587 	3591
f 1723 	1717 	3587
f 1717 	3581 	3587
f 1717 	1714 	3581
f 1714 	3578 	3581
f 1714 	1711 	3578
f 1711 	3575 	3578
f 1711 	1709 	3575
f 1709 	3573 	3575
f 1709 	1705 	3573
f 1705 	3569 	3573
f 1705 	1702 	3569
f 1702 	3566 	3569
f 1702 	1696 	3566
f 1696 	3560 	3566
f 1696 	1692 	3560
f 1692 	3556 	3560
f 1692 	1688 	3556
f 1688 	3552 	3556
f 1688 	1682 	3552
f 1682 	3546 	3552
f 1682 	1677 	3546
f 1677 	3541 	3546
f 1677 	1673 	3541
f 1673 	3537 	3541
f 1673 	1671 	3537
f 1671 	3535 	3537
f 1671 	1667 	3535
f 1667 	3531 	3535
f 1667 	1655 	3531
f 1655 	3519 	3531
f 1655 	1650 	3519
f 1650 	3514 	3519
f 1650 	1644 	3514
f 1644 	3508 	3514
f 1644 	1639 	3508
f 1639 	3503 	3508
f 1639 	1635 	3503
f 1635 	3499 	3503
f 1635 	1629 	3499
f 1629 	3493 	3499
f 1629 	1622 	3493
f 1622 	3486 	3493
f 1622 	1616 	3486
f 1616 	3480 	3486
f 1616 	1608 	3480
f 1608 	3472 	3480
f 1608 	1601 	3472
f 1601 	3465 	3472
f 1601 	1595 	3465
f 1595 	3459 	3465
f 1595 	1588 	3459
f 1588 	3452 	3459
f 1588 	1576 	3452
f 1576 	3440 	3452
f 1576 	1561 	3440
f 1561 	3425 	3440
f 1561 	1549 	3425
f 1549 	3413 	3425
f 1549 	1537 	3413
f 1537 	3401 	3413
f 1537 	1522 	3401
f 1522 	3386 	3401
f 1522 	1470 	3386
f 1470 	3334 	3386
f 1470 	1259 	3334
f 1259 	3123 	3334
f 1259 	507 	3123
f 507 	2369 	3123
f 507 	506 	2369
f 506 	2370 	2369
f 506 	505 	2370
f 505 	2371 	2370
f 505 	1357 	2371
f 1357 	3221 	2371
f 1357 	1260 	3221
f 1260 	3124 	3221
f 1260 	508 	3124
f 508 	2372 	3124
f 508 	440 	2372
f 440 	2305 	2372
f 440 	1250 	2305
f 1250 	3114 	2305
f 1250 	1424 	3114
f 1424 	3288 	3114
f 1424 	1468 	3288
f 1468 	3332 	3288
f 1468 	1494 	3332
f 1494 	3358 	3332
f 1494 	1251 	3358
f 1251 	3115 	3358
f 1251 	444 	3115
f 444 	2306 	3115
f 444 	443 	2306
f 443 	2307 	2306
f 443 	442 	2307
f 442 	2308 	2307
f 442 	1252 	2308
f 1252 	3116 	2308
f 1252 	447 	3116
f 447 	2309 	3116
f 447 	446 	2309
f 446 	2310 	2309
f 446 	445 	2310
f 445 	2311 	2310
f 445 	1253 	2311
f 1253 	3117 	2311
f 1253 	450 	3117
f 450 	2312 	3117
f 450 	449 	2312
f 449 	2313 	2312
f 449 	448 	2313
f 448 	2314 	2313
f 448 	1353 	2314
f 1353 	3217 	2314
f 1353 	1574 	3217
f 1574 	3438 	3217
f 1574 	1520 	3438
f 1520 	3384 	3438
f 1520 	1495 	3384
f 1495 	3359 	3384
f 1495 	1469 	3359
f 1469 	3333 	3359
f 1469 	1425 	3333
f 1425 	3289 	3333
f 1425 	453 	3289
f 453 	2315 	3289
f 453 	452 	2315
f 452 	2316 	2315
f 452 	451 	2316
f 451 	2317 	2316
f 451 	455 	2317
f 455 	2318 	2317
f 455 	454 	2318
f 454 	2319 	2318
f 454 	457 	2319
f 457 	2320 	2319
f 457 	468 	2320
f 468 	2331 	2320
f 468 	467 	2331
f 467 	2332 	2331
f 467 	470 	2332
f 470 	2333 	2332
f 470 	469 	2333
f 469 	2334 	2333
f 469 	472 	2334
f 472 	2335 	2334
f 472 	471 	2335
f 471 	2336 	2335
f 471 	474 	2336
f 474 	2337 	2336
f 474 	473 	2337
f 473 	2338 	2337
f 473 	476 	2338
f 476 	2339 	2338
f 476 	475 	2339
f 475 	2340 	2339
f 475 	478 	2340
f 478 	2341 	2340
f 478 	477 	2341
f 477 	2342 	2341
f 477 	481 	2342
f 481 	2343 	2342
f 481 	480 	2343
f 480 	2344 	2343
f 480 	479 	2344
f 479 	2345 	2344
f 479 	483 	2345
f 483 	2346 	2345
f 483 	482 	2346
f 482 	2347 	2346
f 482 	485 	2347
f 485 	2348 	2347
f 485 	484 	2348
f 484 	2349 	2348
f 484 	487 	2349
f 487 	2350 	2349
f 487 	486 	2350
f 486 	2351 	2350
f 486 	489 	2351
f 489 	2352 	2351
f 489 	488 	2352
f 488 	2353 	2352
f 488 	491 	2353
f 491 	2354 	2353
f 491 	490 	2354
f 490 	2355 	2354
f 490 	493 	2355
f 493 	2356 	2355
f 493 	492 	2356
f 492 	2357 	2356
f 492 	495 	2357
f 495 	2358 	2357
f 495 	494 	2358
f 494 	2359 	2358
f 494 	497 	2359
f 497 	2360 	2359
f 497 	496 	2360
f 496 	2361 	2360
f 496 	499 	2361
f 499 	2362 	2361
f 499 	498 	2362
f 498 	2363 	2362
f 498 	501 	2363
f 501 	2364 	2363
f 501 	500 	2364
f 500 	2365 	2364
f 500 	1428 	2365
f 1428 	3292 	2365
f 1428 	1258 	3292
f 1258 	3122 	3292
f 1258 	504 	3122
f 504 	2366 	3122
f 504 	503 	2366
f 503 	2367 	2366
f 503 	502 	2367
f 502 	2368 	2367
f 502 	1356 	2368
f 1356 	3220 	2368
f 1356 	1741 	3220
f 1741 	3605 	3220
# 7504 faces

 #end of obj_0

